[2026-07-23 05:16:58] production.ERROR: Vite manifest not found at: /home/vol16_2/infinityfree.com/if0_42474986/htdocs/public/build/manifest.json (View: /home/vol16_2/infinityfree.com/if0_42474986/htdocs/resources/views/layouts/app.blade.php) (View: /home/vol16_2/infinityfree.com/if0_42474986/htdocs/resources/views/layouts/app.blade.php) {"exception":"[object] (Illuminate\\View\\ViewException(code: 0): Vite manifest not found at: /home/vol16_2/infinityfree.com/if0_42474986/htdocs/public/build/manifest.json (View: /home/vol16_2/infinityfree.com/if0_42474986/htdocs/resources/views/layouts/app.blade.php) (View: /home/vol16_2/infinityfree.com/if0_42474986/htdocs/resources/views/layouts/app.blade.php) at /home/vol16_2/infinityfree.com/if0_42474986/htdocs/vendor/laravel/framework/src/Illuminate/Foundation/Vite.php:946)
[stacktrace]
#0 /home/vol16_2/infinityfree.com/if0_42474986/htdocs/vendor/laravel/framework/src/Illuminate/View/Engines/PhpEngine.php(59): Illuminate\\View\\Engines\\CompilerEngine->handleViewException(Object(Illuminate\\View\\ViewException), 1)
#1 /home/vol16_2/infinityfree.com/if0_42474986/htdocs/vendor/laravel/framework/src/Illuminate/View/Engines/CompilerEngine.php(76): Illuminate\\View\\Engines\\PhpEngine->evaluatePath('/home/vol16_2/i...', Array)
#2 /home/vol16_2/infinityfree.com/if0_42474986/htdocs/vendor/laravel/framework/src/Illuminate/View/View.php(208): Illuminate\\View\\Engines\\CompilerEngine->get('/home/vol16_2/i...', Array)
#3 /home/vol16_2/infinityfree.com/if0_42474986/htdocs/vendor/laravel/framework/src/Illuminate/View/View.php(191): Illuminate\\View\\View->getContents()
#4 /home/vol16_2/infinityfree.com/if0_42474986/htdocs/vendor/laravel/framework/src/Illuminate/View/View.php(160): Illuminate\\View\\View->renderContents()
#5 /home/vol16_2/infinityfree.com/if0_42474986/htdocs/vendor/laravel/framework/src/Illuminate/Http/Response.php(78): Illuminate\\View\\View->render()
#6 /home/vol16_2/infinityfree.com/if0_42474986/htdocs/vendor/laravel/framework/src/Illuminate/Http/Response.php(34): Illuminate\\Http\\Response->setContent(Object(Illuminate\\View\\View))
#7 /home/vol16_2/infinityfree.com/if0_42474986/htdocs/vendor/laravel/framework/src/Illuminate/Routing/Router.php(939): Illuminate\\Http\\Response->__construct(Object(Illuminate\\View\\View), 200, Array)
#8 /home/vol16_2/infinityfree.com/if0_42474986/htdocs/vendor/laravel/framework/src/Illuminate/Routing/Router.php(906): Illuminate\\Routing\\Router::toResponse(Object(Illuminate\\Http\\Request), Object(Illuminate\\View\\View))
#9 /home/vol16_2/infinityfree.com/if0_42474986/htdocs/vendor/laravel/framework/src/Illuminate/Routing/Router.php(821): Illuminate\\Routing\\Router->prepareResponse(Object(Illuminate\\Http\\Request), Object(Illuminate\\View\\View))
#10 /home/vol16_2/infinityfree.com/if0_42474986/htdocs/vendor/laravel/framework/src/Illuminate/Pipeline/Pipeline.php(180): Illuminate\\Routing\\Router->Illuminate\\Routing\\{closure}(Object(Illuminate\\Http\\Request))
#11 /home/vol16_2/infinityfree.com/if0_42474986/htdocs/app/Http/Middleware/SecurityHeaders.php(13): Illuminate\\Pipeline\\Pipeline->Illuminate\\Pipeline\\{closure}(Object(Illuminate\\Http\\Request))
#12 /home/vol16_2/infinityfree.com/if0_42474986/htdocs/vendor/laravel/framework/src/Illuminate/Pipeline/Pipeline.php(219): App\\Http\\Middleware\\SecurityHeaders->handle(Object(Illuminate\\Http\\Request), Object(Closure))
#13 /home/vol16_2/infinityfree.com/if0_42474986/htdocs/vendor/laravel/framework/src/Illuminate/Routing/Middleware/SubstituteBindings.php(50): Illuminate\\Pipeline\\Pipeline->Illuminate\\Pipeline\\{closure}(Object(Illuminate\\Http\\Request))
#14 /home/vol16_2/infinityfree.com/if0_42474986/htdocs/vendor/laravel/framework/src/Illuminate/Pipeline/Pipeline.php(219): Illuminate\\Routing\\Middleware\\SubstituteBindings->handle(Object(Illuminate\\Http\\Request), Object(Closure))
#15 /home/vol16_2/infinityfree.com/if0_42474986/htdocs/vendor/laravel/framework/src/Illuminate/Foundation/Http/Middleware/VerifyCsrfToken.php(87): Illuminate\\Pipeline\\Pipeline->Illuminate\\Pipeline\\{closure}(Object(Illuminate\\Http\\Request))
#16 /home/vol16_2/infinityfree.com/if0_42474986/htdocs/vendor/laravel/framework/src/Illuminate/Pipeline/Pipeline.php(219): Illuminate\\Foundation\\Http\\Middleware\\VerifyCsrfToken->handle(Object(Illuminate\\Http\\Request), Object(Closure))
#17 /home/vol16_2/infinityfree.com/if0_42474986/htdocs/vendor/laravel/framework/src/Illuminate/View/Middleware/ShareErrorsFromSession.php(48): Illuminate\\Pipeline\\Pipeline->Illuminate\\Pipeline\\{closure}(Object(Illuminate\\Http\\Request))
#18 /home/vol16_2/infinityfree.com/if0_42474986/htdocs/vendor/laravel/framework/src/Illuminate/Pipeline/Pipeline.php(219): Illuminate\\View\\Middleware\\ShareErrorsFromSession->handle(Object(Illuminate\\Http\\Request), Object(Closure))
#19 /home/vol16_2/infinityfree.com/if0_42474986/htdocs/vendor/laravel/framework/src/Illuminate/Session/Middleware/StartSession.php(120): Illuminate\\Pipeline\\Pipeline->Illuminate\\Pipeline\\{closure}(Object(Illuminate\\Http\\Request))
#20 /home/vol16_2/infinityfree.com/if0_42474986/htdocs/vendor/laravel/framework/src/Illuminate/Session/Middleware/StartSession.php(63): Illuminate\\Session\\Middleware\\StartSession->handleStatefulRequest(Object(Illuminate\\Http\\Request), Object(Illuminate\\Session\\Store), Object(Closure))
#21 /home/vol16_2/infinityfree.com/if0_42474986/htdocs/vendor/laravel/framework/src/Illuminate/Pipeline/Pipeline.php(219): Illuminate\\Session\\Middleware\\StartSession->handle(Object(Illuminate\\Http\\Request), Object(Closure))
#22 /home/vol16_2/infinityfree.com/if0_42474986/htdocs/vendor/laravel/framework/src/Illuminate/Cookie/Middleware/AddQueuedCookiesToResponse.php(36): Illuminate\\Pipeline\\Pipeline->Illuminate\\Pipeline\\{closure}(Object(Illuminate\\Http\\Request))
#23 /home/vol16_2/infinityfree.com/if0_42474986/htdocs/vendor/laravel/framework/src/Illuminate/Pipeline/Pipeline.php(219): Illuminate\\Cookie\\Middleware\\AddQueuedCookiesToResponse->handle(Object(Illuminate\\Http\\Request), Object(Closure))
#24 /home/vol16_2/infinityfree.com/if0_42474986/htdocs/vendor/laravel/framework/src/Illuminate/Cookie/Middleware/EncryptCookies.php(74): Illuminate\\Pipeline\\Pipeline->Illuminate\\Pipeline\\{closure}(Object(Illuminate\\Http\\Request))
#25 /home/vol16_2/infinityfree.com/if0_42474986/htdocs/vendor/laravel/framework/src/Illuminate/Pipeline/Pipeline.php(219): Illuminate\\Cookie\\Middleware\\EncryptCookies->handle(Object(Illuminate\\Http\\Request), Object(Closure))
#26 /home/vol16_2/infinityfree.com/if0_42474986/htdocs/vendor/laravel/framework/src/Illuminate/Pipeline/Pipeline.php(137): Illuminate\\Pipeline\\Pipeline->Illuminate\\Pipeline\\{closure}(Object(Illuminate\\Http\\Request))
#27 /home/vol16_2/infinityfree.com/if0_42474986/htdocs/vendor/laravel/framework/src/Illuminate/Routing/Router.php(821): Illuminate\\Pipeline\\Pipeline->then(Object(Closure))
#28 /home/vol16_2/infinityfree.com/if0_42474986/htdocs/vendor/laravel/framework/src/Illuminate/Routing/Router.php(800): Illuminate\\Routing\\Router->runRouteWithinStack(Object(Illuminate\\Routing\\Route), Object(Illuminate\\Http\\Request))
#29 /home/vol16_2/infinityfree.com/if0_42474986/htdocs/vendor/laravel/framework/src/Illuminate/Routing/Router.php(764): Illuminate\\Routing\\Router->runRoute(Object(Illuminate\\Http\\Request), Object(Illuminate\\Routing\\Route))
#30 /home/vol16_2/infinityfree.com/if0_42474986/htdocs/vendor/laravel/framework/src/Illuminate/Routing/Router.php(753): Illuminate\\Routing\\Router->dispatchToRoute(Object(Illuminate\\Http\\Request))
#31 /home/vol16_2/infinityfree.com/if0_42474986/htdocs/vendor/laravel/framework/src/Illuminate/Foundation/Http/Kernel.php(200): Illuminate\\Routing\\Router->dispatch(Object(Illuminate\\Http\\Request))
#32 /home/vol16_2/infinityfree.com/if0_42474986/htdocs/vendor/laravel/framework/src/Illuminate/Pipeline/Pipeline.php(180): Illuminate\\Foundation\\Http\\Kernel->Illuminate\\Foundation\\Http\\{closure}(Object(Illuminate\\Http\\Request))
#33 /home/vol16_2/infinityfree.com/if0_42474986/htdocs/vendor/laravel/framework/src/Illuminate/Foundation/Http/Middleware/TransformsRequest.php(21): Illuminate\\Pipeline\\Pipeline->Illuminate\\Pipeline\\{closure}(Object(Illuminate\\Http\\Request))
#34 /home/vol16_2/infinityfree.com/if0_42474986/htdocs/vendor/laravel/framework/src/Illuminate/Foundation/Http/Middleware/ConvertEmptyStringsToNull.php(31): Illuminate\\Foundation\\Http\\Middleware\\TransformsRequest->handle(Object(Illuminate\\Http\\Request), Object(Closure))
#35 /home/vol16_2/infinityfree.com/if0_42474986/htdocs/vendor/laravel/framework/src/Illuminate/Pipeline/Pipeline.php(219): Illuminate\\Foundation\\Http\\Middleware\\ConvertEmptyStringsToNull->handle(Object(Illuminate\\Http\\Request), Object(Closure))
#36 /home/vol16_2/infinityfree.com/if0_42474986/htdocs/vendor/laravel/framework/src/Illuminate/Foundation/Http/Middleware/TransformsRequest.php(21): Illuminate\\Pipeline\\Pipeline->Illuminate\\Pipeline\\{closure}(Object(Illuminate\\Http\\Request))
#37 /home/vol16_2/infinityfree.com/if0_42474986/htdocs/vendor/laravel/framework/src/Illuminate/Foundation/Http/Middleware/TrimStrings.php(51): Illuminate\\Foundation\\Http\\Middleware\\TransformsRequest->handle(Object(Illuminate\\Http\\Request), Object(Closure))
#38 /home/vol16_2/infinityfree.com/if0_42474986/htdocs/vendor/laravel/framework/src/Illuminate/Pipeline/Pipeline.php(219): Illuminate\\Foundation\\Http\\Middleware\\TrimStrings->handle(Object(Illuminate\\Http\\Request), Object(Closure))
#39 /home/vol16_2/infinityfree.com/if0_42474986/htdocs/vendor/laravel/framework/src/Illuminate/Http/Middleware/ValidatePostSize.php(27): Illuminate\\Pipeline\\Pipeline->Illuminate\\Pipeline\\{closure}(Object(Illuminate\\Http\\Request))
#40 /home/vol16_2/infinityfree.com/if0_42474986/htdocs/vendor/laravel/framework/src/Illuminate/Pipeline/Pipeline.php(219): Illuminate\\Http\\Middleware\\ValidatePostSize->handle(Object(Illuminate\\Http\\Request), Object(Closure))
#41 /home/vol16_2/infinityfree.com/if0_42474986/htdocs/vendor/laravel/framework/src/Illuminate/Foundation/Http/Middleware/PreventRequestsDuringMaintenance.php(109): Illuminate\\Pipeline\\Pipeline->Illuminate\\Pipeline\\{closure}(Object(Illuminate\\Http\\Request))
#42 /home/vol16_2/infinityfree.com/if0_42474986/htdocs/vendor/laravel/framework/src/Illuminate/Pipeline/Pipeline.php(219): Illuminate\\Foundation\\Http\\Middleware\\PreventRequestsDuringMaintenance->handle(Object(Illuminate\\Http\\Request), Object(Closure))
#43 /home/vol16_2/infinityfree.com/if0_42474986/htdocs/vendor/laravel/framework/src/Illuminate/Http/Middleware/HandleCors.php(61): Illuminate\\Pipeline\\Pipeline->Illuminate\\Pipeline\\{closure}(Object(Illuminate\\Http\\Request))
#44 /home/vol16_2/infinityfree.com/if0_42474986/htdocs/vendor/laravel/framework/src/Illuminate/Pipeline/Pipeline.php(219): Illuminate\\Http\\Middleware\\HandleCors->handle(Object(Illuminate\\Http\\Request), Object(Closure))
#45 /home/vol16_2/infinityfree.com/if0_42474986/htdocs/vendor/laravel/framework/src/Illuminate/Http/Middleware/TrustProxies.php(58): Illuminate\\Pipeline\\Pipeline->Illuminate\\Pipeline\\{closure}(Object(Illuminate\\Http\\Request))
#46 /home/vol16_2/infinityfree.com/if0_42474986/htdocs/vendor/laravel/framework/src/Illuminate/Pipeline/Pipeline.php(219): Illuminate\\Http\\Middleware\\TrustProxies->handle(Object(Illuminate\\Http\\Request), Object(Closure))
#47 /home/vol16_2/infinityfree.com/if0_42474986/htdocs/vendor/laravel/framework/src/Illuminate/Foundation/Http/Middleware/InvokeDeferredCallbacks.php(22): Illuminate\\Pipeline\\Pipeline->Illuminate\\Pipeline\\{closure}(Object(Illuminate\\Http\\Request))
#48 /home/vol16_2/infinityfree.com/if0_42474986/htdocs/vendor/laravel/framework/src/Illuminate/Pipeline/Pipeline.php(219): Illuminate\\Foundation\\Http\\Middleware\\InvokeDeferredCallbacks->handle(Object(Illuminate\\Http\\Request), Object(Closure))
#49 /home/vol16_2/infinityfree.com/if0_42474986/htdocs/vendor/laravel/framework/src/Illuminate/Http/Middleware/ValidatePathEncoding.php(26): Illuminate\\Pipeline\\Pipeline->Illuminate\\Pipeline\\{closure}(Object(Illuminate\\Http\\Request))
#50 /home/vol16_2/infinityfree.com/if0_42474986/htdocs/vendor/laravel/framework/src/Illuminate/Pipeline/Pipeline.php(219): Illuminate\\Http\\Middleware\\ValidatePathEncoding->handle(Object(Illuminate\\Http\\Request), Object(Closure))
#51 /home/vol16_2/infinityfree.com/if0_42474986/htdocs/vendor/laravel/framework/src/Illuminate/Pipeline/Pipeline.php(137): Illuminate\\Pipeline\\Pipeline->Illuminate\\Pipeline\\{closure}(Object(Illuminate\\Http\\Request))
#52 /home/vol16_2/infinityfree.com/if0_42474986/htdocs/vendor/laravel/framework/src/Illuminate/Foundation/Http/Kernel.php(175): Illuminate\\Pipeline\\Pipeline->then(Object(Closure))
#53 /home/vol16_2/infinityfree.com/if0_42474986/htdocs/vendor/laravel/framework/src/Illuminate/Foundation/Http/Kernel.php(144): Illuminate\\Foundation\\Http\\Kernel->sendRequestThroughRouter(Object(Illuminate\\Http\\Request))
#54 /home/vol16_2/infinityfree.com/if0_42474986/htdocs/in.php(18): Illuminate\\Foundation\\Http\\Kernel->handle(Object(Illuminate\\Http\\Request))
#55 {main}

[previous exception] [object] (Illuminate\\View\\ViewException(code: 0): Vite manifest not found at: /home/vol16_2/infinityfree.com/if0_42474986/htdocs/public/build/manifest.json (View: /home/vol16_2/infinityfree.com/if0_42474986/htdocs/resources/views/layouts/app.blade.php) at /home/vol16_2/infinityfree.com/if0_42474986/htdocs/vendor/laravel/framework/src/Illuminate/Foundation/Vite.php:946)
[stacktrace]
#0 /home/vol16_2/infinityfree.com/if0_42474986/htdocs/vendor/laravel/framework/src/Illuminate/View/Engines/PhpEngine.php(59): Illuminate\\View\\Engines\\CompilerEngine->handleViewException(Object(Illuminate\\Foundation\\ViteManifestNotFoundException), 2)
#1 /home/vol16_2/infinityfree.com/if0_42474986/htdocs/vendor/laravel/framework/src/Illuminate/View/Engines/CompilerEngine.php(76): Illuminate\\View\\Engines\\PhpEngine->evaluatePath('/home/vol16_2/i...', Array)
#2 /home/vol16_2/infinityfree.com/if0_42474986/htdocs/vendor/laravel/framework/src/Illuminate/View/View.php(208): Illuminate\\View\\Engines\\CompilerEngine->get('/home/vol16_2/i...', Array)
#3 /home/vol16_2/infinityfree.com/if0_42474986/htdocs/vendor/laravel/framework/src/Illuminate/View/View.php(191): Illuminate\\View\\View->getContents()
#4 /home/vol16_2/infinityfree.com/if0_42474986/htdocs/vendor/laravel/framework/src/Illuminate/View/View.php(160): Illuminate\\View\\View->renderContents()
#5 /home/vol16_2/infinityfree.com/if0_42474986/htdocs/storage/framework/views/6bc3d61501c9ccdc58cc5fbe900fc0fe.php(297): Illuminate\\View\\View->render()
#6 /home/vol16_2/infinityfree.com/if0_42474986/htdocs/vendor/laravel/framework/src/Illuminate/Filesystem/Filesystem.php(123): require('/home/vol16_2/i...')
#7 /home/vol16_2/infinityfree.com/if0_42474986/htdocs/vendor/laravel/framework/src/Illuminate/Filesystem/Filesystem.php(124): Illuminate\\Filesystem\\Filesystem::Illuminate\\Filesystem\\{closure}()
#8 /home/vol16_2/infinityfree.com/if0_42474986/htdocs/vendor/laravel/framework/src/Illuminate/View/Engines/PhpEngine.php(57): Illuminate\\Filesystem\\Filesystem->getRequire('/home/vol16_2/i...', Array)
#9 /home/vol16_2/infinityfree.com/if0_42474986/htdocs/vendor/laravel/framework/src/Illuminate/View/Engines/CompilerEngine.php(76): Illuminate\\View\\Engines\\PhpEngine->evaluatePath('/home/vol16_2/i...', Array)
#10 /home/vol16_2/infinityfree.com/if0_42474986/htdocs/vendor/laravel/framework/src/Illuminate/View/View.php(208): Illuminate\\View\\Engines\\CompilerEngine->get('/home/vol16_2/i...', Array)
#11 /home/vol16_2/infinityfree.com/if0_42474986/htdocs/vendor/laravel/framework/src/Illuminate/View/View.php(191): Illuminate\\View\\View->getContents()
#12 /home/vol16_2/infinityfree.com/if0_42474986/htdocs/vendor/laravel/framework/src/Illuminate/View/View.php(160): Illuminate\\View\\View->renderContents()
#13 /home/vol16_2/infinityfree.com/if0_42474986/htdocs/vendor/laravel/framework/src/Illuminate/Http/Response.php(78): Illuminate\\View\\View->render()
#14 /home/vol16_2/infinityfree.com/if0_42474986/htdocs/vendor/laravel/framework/src/Illuminate/Http/Response.php(34): Illuminate\\Http\\Response->setContent(Object(Illuminate\\View\\View))
#15 /home/vol16_2/infinityfree.com/if0_42474986/htdocs/vendor/laravel/framework/src/Illuminate/Routing/Router.php(939): Illuminate\\Http\\Response->__construct(Object(Illuminate\\View\\View), 200, Array)
#16 /home/vol16_2/infinityfree.com/if0_42474986/htdocs/vendor/laravel/framework/src/Illuminate/Routing/Router.php(906): Illuminate\\Routing\\Router::toResponse(Object(Illuminate\\Http\\Request), Object(Illuminate\\View\\View))
#17 /home/vol16_2/infinityfree.com/if0_42474986/htdocs/vendor/laravel/framework/src/Illuminate/Routing/Router.php(821): Illuminate\\Routing\\Router->prepareResponse(Object(Illuminate\\Http\\Request), Object(Illuminate\\View\\View))
#18 /home/vol16_2/infinityfree.com/if0_42474986/htdocs/vendor/laravel/framework/src/Illuminate/Pipeline/Pipeline.php(180): Illuminate\\Routing\\Router->Illuminate\\Routing\\{closure}(Object(Illuminate\\Http\\Request))
#19 /home/vol16_2/infinityfree.com/if0_42474986/htdocs/app/Http/Middleware/SecurityHeaders.php(13): Illuminate\\Pipeline\\Pipeline->Illuminate\\Pipeline\\{closure}(Object(Illuminate\\Http\\Request))
#20 /home/vol16_2/infinityfree.com/if0_42474986/htdocs/vendor/laravel/framework/src/Illuminate/Pipeline/Pipeline.php(219): App\\Http\\Middleware\\SecurityHeaders->handle(Object(Illuminate\\Http\\Request), Object(Closure))
#21 /home/vol16_2/infinityfree.com/if0_42474986/htdocs/vendor/laravel/framework/src/Illuminate/Routing/Middleware/SubstituteBindings.php(50): Illuminate\\Pipeline\\Pipeline->Illuminate\\Pipeline\\{closure}(Object(Illuminate\\Http\\Request))
#22 /home/vol16_2/infinityfree.com/if0_42474986/htdocs/vendor/laravel/framework/src/Illuminate/Pipeline/Pipeline.php(219): Illuminate\\Routing\\Middleware\\SubstituteBindings->handle(Object(Illuminate\\Http\\Request), Object(Closure))
#23 /home/vol16_2/infinityfree.com/if0_42474986/htdocs/vendor/laravel/framework/src/Illuminate/Foundation/Http/Middleware/VerifyCsrfToken.php(87): Illuminate\\Pipeline\\Pipeline->Illuminate\\Pipeline\\{closure}(Object(Illuminate\\Http\\Request))
#24 /home/vol16_2/infinityfree.com/if0_42474986/htdocs/vendor/laravel/framework/src/Illuminate/Pipeline/Pipeline.php(219): Illuminate\\Foundation\\Http\\Middleware\\VerifyCsrfToken->handle(Object(Illuminate\\Http\\Request), Object(Closure))
#25 /home/vol16_2/infinityfree.com/if0_42474986/htdocs/vendor/laravel/framework/src/Illuminate/View/Middleware/ShareErrorsFromSession.php(48): Illuminate\\Pipeline\\Pipeline->Illuminate\\Pipeline\\{closure}(Object(Illuminate\\Http\\Request))
#26 /home/vol16_2/infinityfree.com/if0_42474986/htdocs/vendor/laravel/framework/src/Illuminate/Pipeline/Pipeline.php(219): Illuminate\\View\\Middleware\\ShareErrorsFromSession->handle(Object(Illuminate\\Http\\Request), Object(Closure))
#27 /home/vol16_2/infinityfree.com/if0_42474986/htdocs/vendor/laravel/framework/src/Illuminate/Session/Middleware/StartSession.php(120): Illuminate\\Pipeline\\Pipeline->Illuminate\\Pipeline\\{closure}(Object(Illuminate\\Http\\Request))
#28 /home/vol16_2/infinityfree.com/if0_42474986/htdocs/vendor/laravel/framework/src/Illuminate/Session/Middleware/StartSession.php(63): Illuminate\\Session\\Middleware\\StartSession->handleStatefulRequest(Object(Illuminate\\Http\\Request), Object(Illuminate\\Session\\Store), Object(Closure))
#29 /home/vol16_2/infinityfree.com/if0_42474986/htdocs/vendor/laravel/framework/src/Illuminate/Pipeline/Pipeline.php(219): Illuminate\\Session\\Middleware\\StartSession->handle(Object(Illuminate\\Http\\Request), Object(Closure))
#30 /home/vol16_2/infinityfree.com/if0_42474986/htdocs/vendor/laravel/framework/src/Illuminate/Cookie/Middleware/AddQueuedCookiesToResponse.php(36): Illuminate\\Pipeline\\Pipeline->Illuminate\\Pipeline\\{closure}(Object(Illuminate\\Http\\Request))
#31 /home/vol16_2/infinityfree.com/if0_42474986/htdocs/vendor/laravel/framework/src/Illuminate/Pipeline/Pipeline.php(219): Illuminate\\Cookie\\Middleware\\AddQueuedCookiesToResponse->handle(Object(Illuminate\\Http\\Request), Object(Closure))
#32 /home/vol16_2/infinityfree.com/if0_42474986/htdocs/vendor/laravel/framework/src/Illuminate/Cookie/Middleware/EncryptCookies.php(74): Illuminate\\Pipeline\\Pipeline->Illuminate\\Pipeline\\{closure}(Object(Illuminate\\Http\\Request))
#33 /home/vol16_2/infinityfree.com/if0_42474986/htdocs/vendor/laravel/framework/src/Illuminate/Pipeline/Pipeline.php(219): Illuminate\\Cookie\\Middleware\\EncryptCookies->handle(Object(Illuminate\\Http\\Request), Object(Closure))
#34 /home/vol16_2/infinityfree.com/if0_42474986/htdocs/vendor/laravel/framework/src/Illuminate/Pipeline/Pipeline.php(137): Illuminate\\Pipeline\\Pipeline->Illuminate\\Pipeline\\{closure}(Object(Illuminate\\Http\\Request))
#35 /home/vol16_2/infinityfree.com/if0_42474986/htdocs/vendor/laravel/framework/src/Illuminate/Routing/Router.php(821): Illuminate\\Pipeline\\Pipeline->then(Object(Closure))
#36 /home/vol16_2/infinityfree.com/if0_42474986/htdocs/vendor/laravel/framework/src/Illuminate/Routing/Router.php(800): Illuminate\\Routing\\Router->runRouteWithinStack(Object(Illuminate\\Routing\\Route), Object(Illuminate\\Http\\Request))
#37 /home/vol16_2/infinityfree.com/if0_42474986/htdocs/vendor/laravel/framework/src/Illuminate/Routing/Router.php(764): Illuminate\\Routing\\Router->runRoute(Object(Illuminate\\Http\\Request), Object(Illuminate\\Routing\\Route))
#38 /home/vol16_2/infinityfree.com/if0_42474986/htdocs/vendor/laravel/framework/src/Illuminate/Routing/Router.php(753): Illuminate\\Routing\\Router->dispatchToRoute(Object(Illuminate\\Http\\Request))
#39 /home/vol16_2/infinityfree.com/if0_42474986/htdocs/vendor/laravel/framework/src/Illuminate/Foundation/Http/Kernel.php(200): Illuminate\\Routing\\Router->dispatch(Object(Illuminate\\Http\\Request))
#40 /home/vol16_2/infinityfree.com/if0_42474986/htdocs/vendor/laravel/framework/src/Illuminate/Pipeline/Pipeline.php(180): Illuminate\\Foundation\\Http\\Kernel->Illuminate\\Foundation\\Http\\{closure}(Object(Illuminate\\Http\\Request))
#41 /home/vol16_2/infinityfree.com/if0_42474986/htdocs/vendor/laravel/framework/src/Illuminate/Foundation/Http/Middleware/TransformsRequest.php(21): Illuminate\\Pipeline\\Pipeline->Illuminate\\Pipeline\\{closure}(Object(Illuminate\\Http\\Request))
#42 /home/vol16_2/infinityfree.com/if0_42474986/htdocs/vendor/laravel/framework/src/Illuminate/Foundation/Http/Middleware/ConvertEmptyStringsToNull.php(31): Illuminate\\Foundation\\Http\\Middleware\\TransformsRequest->handle(Object(Illuminate\\Http\\Request), Object(Closure))
#43 /home/vol16_2/infinityfree.com/if0_42474986/htdocs/vendor/laravel/framework/src/Illuminate/Pipeline/Pipeline.php(219): Illuminate\\Foundation\\Http\\Middleware\\ConvertEmptyStringsToNull->handle(Object(Illuminate\\Http\\Request), Object(Closure))
#44 /home/vol16_2/infinityfree.com/if0_42474986/htdocs/vendor/laravel/framework/src/Illuminate/Foundation/Http/Middleware/TransformsRequest.php(21): Illuminate\\Pipeline\\Pipeline->Illuminate\\Pipeline\\{closure}(Object(Illuminate\\Http\\Request))
#45 /home/vol16_2/infinityfree.com/if0_42474986/htdocs/vendor/laravel/framework/src/Illuminate/Foundation/Http/Middleware/TrimStrings.php(51): Illuminate\\Foundation\\Http\\Middleware\\TransformsRequest->handle(Object(Illuminate\\Http\\Request), Object(Closure))
#46 /home/vol16_2/infinityfree.com/if0_42474986/htdocs/vendor/laravel/framework/src/Illuminate/Pipeline/Pipeline.php(219): Illuminate\\Foundation\\Http\\Middleware\\TrimStrings->handle(Object(Illuminate\\Http\\Request), Object(Closure))
#47 /home/vol16_2/infinityfree.com/if0_42474986/htdocs/vendor/laravel/framework/src/Illuminate/Http/Middleware/ValidatePostSize.php(27): Illuminate\\Pipeline\\Pipeline->Illuminate\\Pipeline\\{closure}(Object(Illuminate\\Http\\Request))
#48 /home/vol16_2/infinityfree.com/if0_42474986/htdocs/vendor/laravel/framework/src/Illuminate/Pipeline/Pipeline.php(219): Illuminate\\Http\\Middleware\\ValidatePostSize->handle(Object(Illuminate\\Http\\Request), Object(Closure))
#49 /home/vol16_2/infinityfree.com/if0_42474986/htdocs/vendor/laravel/framework/src/Illuminate/Foundation/Http/Middleware/PreventRequestsDuringMaintenance.php(109): Illuminate\\Pipeline\\Pipeline->Illuminate\\Pipeline\\{closure}(Object(Illuminate\\Http\\Request))
#50 /home/vol16_2/infinityfree.com/if0_42474986/htdocs/vendor/laravel/framework/src/Illuminate/Pipeline/Pipeline.php(219): Illuminate\\Foundation\\Http\\Middleware\\PreventRequestsDuringMaintenance->handle(Object(Illuminate\\Http\\Request), Object(Closure))
#51 /home/vol16_2/infinityfree.com/if0_42474986/htdocs/vendor/laravel/framework/src/Illuminate/Http/Middleware/HandleCors.php(61): Illuminate\\Pipeline\\Pipeline->Illuminate\\Pipeline\\{closure}(Object(Illuminate\\Http\\Request))
#52 /home/vol16_2/infinityfree.com/if0_42474986/htdocs/vendor/laravel/framework/src/Illuminate/Pipeline/Pipeline.php(219): Illuminate\\Http\\Middleware\\HandleCors->handle(Object(Illuminate\\Http\\Request), Object(Closure))
#53 /home/vol16_2/infinityfree.com/if0_42474986/htdocs/vendor/laravel/framework/src/Illuminate/Http/Middleware/TrustProxies.php(58): Illuminate\\Pipeline\\Pipeline->Illuminate\\Pipeline\\{closure}(Object(Illuminate\\Http\\Request))
#54 /home/vol16_2/infinityfree.com/if0_42474986/htdocs/vendor/laravel/framework/src/Illuminate/Pipeline/Pipeline.php(219): Illuminate\\Http\\Middleware\\TrustProxies->handle(Object(Illuminate\\Http\\Request), Object(Closure))
#55 /home/vol16_2/infinityfree.com/if0_42474986/htdocs/vendor/laravel/framework/src/Illuminate/Foundation/Http/Middleware/InvokeDeferredCallbacks.php(22): Illuminate\\Pipeline\\Pipeline->Illuminate\\Pipeline\\{closure}(Object(Illuminate\\Http\\Request))
#56 /home/vol16_2/infinityfree.com/if0_42474986/htdocs/vendor/laravel/framework/src/Illuminate/Pipeline/Pipeline.php(219): Illuminate\\Foundation\\Http\\Middleware\\InvokeDeferredCallbacks->handle(Object(Illuminate\\Http\\Request), Object(Closure))
#57 /home/vol16_2/infinityfree.com/if0_42474986/htdocs/vendor/laravel/framework/src/Illuminate/Http/Middleware/ValidatePathEncoding.php(26): Illuminate\\Pipeline\\Pipeline->Illuminate\\Pipeline\\{closure}(Object(Illuminate\\Http\\Request))
#58 /home/vol16_2/infinityfree.com/if0_42474986/htdocs/vendor/laravel/framework/src/Illuminate/Pipeline/Pipeline.php(219): Illuminate\\Http\\Middleware\\ValidatePathEncoding->handle(Object(Illuminate\\Http\\Request), Object(Closure))
#59 /home/vol16_2/infinityfree.com/if0_42474986/htdocs/vendor/laravel/framework/src/Illuminate/Pipeline/Pipeline.php(137): Illuminate\\Pipeline\\Pipeline->Illuminate\\Pipeline\\{closure}(Object(Illuminate\\Http\\Request))
#60 /home/vol16_2/infinityfree.com/if0_42474986/htdocs/vendor/laravel/framework/src/Illuminate/Foundation/Http/Kernel.php(175): Illuminate\\Pipeline\\Pipeline->then(Object(Closure))
#61 /home/vol16_2/infinityfree.com/if0_42474986/htdocs/vendor/laravel/framework/src/Illuminate/Foundation/Http/Kernel.php(144): Illuminate\\Foundation\\Http\\Kernel->sendRequestThroughRouter(Object(Illuminate\\Http\\Request))
#62 /home/vol16_2/infinityfree.com/if0_42474986/htdocs/in.php(18): Illuminate\\Foundation\\Http\\Kernel->handle(Object(Illuminate\\Http\\Request))
#63 {main}

[previous exception] [object] (Illuminate\\Foundation\\ViteManifestNotFoundException(code: 0): Vite manifest not found at: /home/vol16_2/infinityfree.com/if0_42474986/htdocs/public/build/manifest.json at /home/vol16_2/infinityfree.com/if0_42474986/htdocs/vendor/laravel/framework/src/Illuminate/Foundation/Vite.php:946)
[stacktrace]
#0 /home/vol16_2/infinityfree.com/if0_42474986/htdocs/vendor/laravel/framework/src/Illuminate/Foundation/Vite.php(384): Illuminate\\Foundation\\Vite->manifest('build')
#1 /home/vol16_2/infinityfree.com/if0_42474986/htdocs/storage/framework/views/eb0525571af00833f791371665caa793.php(21): Illuminate\\Foundation\\Vite->__invoke(Object(Illuminate\\Support\\Collection))
#2 /home/vol16_2/infinityfree.com/if0_42474986/htdocs/vendor/laravel/framework/src/Illuminate/Filesystem/Filesystem.php(123): require('/home/vol16_2/i...')
#3 /home/vol16_2/infinityfree.com/if0_42474986/htdocs/vendor/laravel/framework/src/Illuminate/Filesystem/Filesystem.php(124): Illuminate\\Filesystem\\Filesystem::Illuminate\\Filesystem\\{closure}()
#4 /home/vol16_2/infinityfree.com/if0_42474986/htdocs/vendor/laravel/framework/src/Illuminate/View/Engines/PhpEngine.php(57): Illuminate\\Filesystem\\Filesystem->getRequire('/home/vol16_2/i...', Array)
#5 /home/vol16_2/infinityfree.com/if0_42474986/htdocs/vendor/laravel/framework/src/Illuminate/View/Engines/CompilerEngine.php(76): Illuminate\\View\\Engines\\PhpEngine->evaluatePath('/home/vol16_2/i...', Array)
#6 /home/vol16_2/infinityfree.com/if0_42474986/htdocs/vendor/laravel/framework/src/Illuminate/View/View.php(208): Illuminate\\View\\Engines\\CompilerEngine->get('/home/vol16_2/i...', Array)
#7 /home/vol16_2/infinityfree.com/if0_42474986/htdocs/vendor/laravel/framework/src/Illuminate/View/View.php(191): Illuminate\\View\\View->getContents()
#8 /home/vol16_2/infinityfree.com/if0_42474986/htdocs/vendor/laravel/framework/src/Illuminate/View/View.php(160): Illuminate\\View\\View->renderContents()
#9 /home/vol16_2/infinityfree.com/if0_42474986/htdocs/storage/framework/views/6bc3d61501c9ccdc58cc5fbe900fc0fe.php(297): Illuminate\\View\\View->render()
#10 /home/vol16_2/infinityfree.com/if0_42474986/htdocs/vendor/laravel/framework/src/Illuminate/Filesystem/Filesystem.php(123): require('/home/vol16_2/i...')
#11 /home/vol16_2/infinityfree.com/if0_42474986/htdocs/vendor/laravel/framework/src/Illuminate/Filesystem/Filesystem.php(124): Illuminate\\Filesystem\\Filesystem::Illuminate\\Filesystem\\{closure}()
#12 /home/vol16_2/infinityfree.com/if0_42474986/htdocs/vendor/laravel/framework/src/Illuminate/View/Engines/PhpEngine.php(57): Illuminate\\Filesystem\\Filesystem->getRequire('/home/vol16_2/i...', Array)
#13 /home/vol16_2/infinityfree.com/if0_42474986/htdocs/vendor/laravel/framework/src/Illuminate/View/Engines/CompilerEngine.php(76): Illuminate\\View\\Engines\\PhpEngine->evaluatePath('/home/vol16_2/i...', Array)
#14 /home/vol16_2/infinityfree.com/if0_42474986/htdocs/vendor/laravel/framework/src/Illuminate/View/View.php(208): Illuminate\\View\\Engines\\CompilerEngine->get('/home/vol16_2/i...', Array)
#15 /home/vol16_2/infinityfree.com/if0_42474986/htdocs/vendor/laravel/framework/src/Illuminate/View/View.php(191): Illuminate\\View\\View->getContents()
#16 /home/vol16_2/infinityfree.com/if0_42474986/htdocs/vendor/laravel/framework/src/Illuminate/View/View.php(160): Illuminate\\View\\View->renderContents()
#17 /home/vol16_2/infinityfree.com/if0_42474986/htdocs/vendor/laravel/framework/src/Illuminate/Http/Response.php(78): Illuminate\\View\\View->render()
#18 /home/vol16_2/infinityfree.com/if0_42474986/htdocs/vendor/laravel/framework/src/Illuminate/Http/Response.php(34): Illuminate\\Http\\Response->setContent(Object(Illuminate\\View\\View))
#19 /home/vol16_2/infinityfree.com/if0_42474986/htdocs/vendor/laravel/framework/src/Illuminate/Routing/Router.php(939): Illuminate\\Http\\Response->__construct(Object(Illuminate\\View\\View), 200, Array)
#20 /home/vol16_2/infinityfree.com/if0_42474986/htdocs/vendor/laravel/framework/src/Illuminate/Routing/Router.php(906): Illuminate\\Routing\\Router::toResponse(Object(Illuminate\\Http\\Request), Object(Illuminate\\View\\View))
#21 /home/vol16_2/infinityfree.com/if0_42474986/htdocs/vendor/laravel/framework/src/Illuminate/Routing/Router.php(821): Illuminate\\Routing\\Router->prepareResponse(Object(Illuminate\\Http\\Request), Object(Illuminate\\View\\View))
#22 /home/vol16_2/infinityfree.com/if0_42474986/htdocs/vendor/laravel/framework/src/Illuminate/Pipeline/Pipeline.php(180): Illuminate\\Routing\\Router->Illuminate\\Routing\\{closure}(Object(Illuminate\\Http\\Request))
#23 /home/vol16_2/infinityfree.com/if0_42474986/htdocs/app/Http/Middleware/SecurityHeaders.php(13): Illuminate\\Pipeline\\Pipeline->Illuminate\\Pipeline\\{closure}(Object(Illuminate\\Http\\Request))
#24 /home/vol16_2/infinityfree.com/if0_42474986/htdocs/vendor/laravel/framework/src/Illuminate/Pipeline/Pipeline.php(219): App\\Http\\Middleware\\SecurityHeaders->handle(Object(Illuminate\\Http\\Request), Object(Closure))
#25 /home/vol16_2/infinityfree.com/if0_42474986/htdocs/vendor/laravel/framework/src/Illuminate/Routing/Middleware/SubstituteBindings.php(50): Illuminate\\Pipeline\\Pipeline->Illuminate\\Pipeline\\{closure}(Object(Illuminate\\Http\\Request))
#26 /home/vol16_2/infinityfree.com/if0_42474986/htdocs/vendor/laravel/framework/src/Illuminate/Pipeline/Pipeline.php(219): Illuminate\\Routing\\Middleware\\SubstituteBindings->handle(Object(Illuminate\\Http\\Request), Object(Closure))
#27 /home/vol16_2/infinityfree.com/if0_42474986/htdocs/vendor/laravel/framework/src/Illuminate/Foundation/Http/Middleware/VerifyCsrfToken.php(87): Illuminate\\Pipeline\\Pipeline->Illuminate\\Pipeline\\{closure}(Object(Illuminate\\Http\\Request))
#28 /home/vol16_2/infinityfree.com/if0_42474986/htdocs/vendor/laravel/framework/src/Illuminate/Pipeline/Pipeline.php(219): Illuminate\\Foundation\\Http\\Middleware\\VerifyCsrfToken->handle(Object(Illuminate\\Http\\Request), Object(Closure))
#29 /home/vol16_2/infinityfree.com/if0_42474986/htdocs/vendor/laravel/framework/src/Illuminate/View/Middleware/ShareErrorsFromSession.php(48): Illuminate\\Pipeline\\Pipeline->Illuminate\\Pipeline\\{closure}(Object(Illuminate\\Http\\Request))
#30 /home/vol16_2/infinityfree.com/if0_42474986/htdocs/vendor/laravel/framework/src/Illuminate/Pipeline/Pipeline.php(219): Illuminate\\View\\Middleware\\ShareErrorsFromSession->handle(Object(Illuminate\\Http\\Request), Object(Closure))
#31 /home/vol16_2/infinityfree.com/if0_42474986/htdocs/vendor/laravel/framework/src/Illuminate/Session/Middleware/StartSession.php(120): Illuminate\\Pipeline\\Pipeline->Illuminate\\Pipeline\\{closure}(Object(Illuminate\\Http\\Request))
#32 /home/vol16_2/infinityfree.com/if0_42474986/htdocs/vendor/laravel/framework/src/Illuminate/Session/Middleware/StartSession.php(63): Illuminate\\Session\\Middleware\\StartSession->handleStatefulRequest(Object(Illuminate\\Http\\Request), Object(Illuminate\\Session\\Store), Object(Closure))
#33 /home/vol16_2/infinityfree.com/if0_42474986/htdocs/vendor/laravel/framework/src/Illuminate/Pipeline/Pipeline.php(219): Illuminate\\Session\\Middleware\\StartSession->handle(Object(Illuminate\\Http\\Request), Object(Closure))
#34 /home/vol16_2/infinityfree.com/if0_42474986/htdocs/vendor/laravel/framework/src/Illuminate/Cookie/Middleware/AddQueuedCookiesToResponse.php(36): Illuminate\\Pipeline\\Pipeline->Illuminate\\Pipeline\\{closure}(Object(Illuminate\\Http\\Request))
#35 /home/vol16_2/infinityfree.com/if0_42474986/htdocs/vendor/laravel/framework/src/Illuminate/Pipeline/Pipeline.php(219): Illuminate\\Cookie\\Middleware\\AddQueuedCookiesToResponse->handle(Object(Illuminate\\Http\\Request), Object(Closure))
#36 /home/vol16_2/infinityfree.com/if0_42474986/htdocs/vendor/laravel/framework/src/Illuminate/Cookie/Middleware/EncryptCookies.php(74): Illuminate\\Pipeline\\Pipeline->Illuminate\\Pipeline\\{closure}(Object(Illuminate\\Http\\Request))
#37 /home/vol16_2/infinityfree.com/if0_42474986/htdocs/vendor/laravel/framework/src/Illuminate/Pipeline/Pipeline.php(219): Illuminate\\Cookie\\Middleware\\EncryptCookies->handle(Object(Illuminate\\Http\\Request), Object(Closure))
#38 /home/vol16_2/infinityfree.com/if0_42474986/htdocs/vendor/laravel/framework/src/Illuminate/Pipeline/Pipeline.php(137): Illuminate\\Pipeline\\Pipeline->Illuminate\\Pipeline\\{closure}(Object(Illuminate\\Http\\Request))
#39 /home/vol16_2/infinityfree.com/if0_42474986/htdocs/vendor/laravel/framework/src/Illuminate/Routing/Router.php(821): Illuminate\\Pipeline\\Pipeline->then(Object(Closure))
#40 /home/vol16_2/infinityfree.com/if0_42474986/htdocs/vendor/laravel/framework/src/Illuminate/Routing/Router.php(800): Illuminate\\Routing\\Router->runRouteWithinStack(Object(Illuminate\\Routing\\Route), Object(Illuminate\\Http\\Request))
#41 /home/vol16_2/infinityfree.com/if0_42474986/htdocs/vendor/laravel/framework/src/Illuminate/Routing/Router.php(764): Illuminate\\Routing\\Router->runRoute(Object(Illuminate\\Http\\Request), Object(Illuminate\\Routing\\Route))
#42 /home/vol16_2/infinityfree.com/if0_42474986/htdocs/vendor/laravel/framework/src/Illuminate/Routing/Router.php(753): Illuminate\\Routing\\Router->dispatchToRoute(Object(Illuminate\\Http\\Request))
#43 /home/vol16_2/infinityfree.com/if0_42474986/htdocs/vendor/laravel/framework/src/Illuminate/Foundation/Http/Kernel.php(200): Illuminate\\Routing\\Router->dispatch(Object(Illuminate\\Http\\Request))
#44 /home/vol16_2/infinityfree.com/if0_42474986/htdocs/vendor/laravel/framework/src/Illuminate/Pipeline/Pipeline.php(180): Illuminate\\Foundation\\Http\\Kernel->Illuminate\\Foundation\\Http\\{closure}(Object(Illuminate\\Http\\Request))
#45 /home/vol16_2/infinityfree.com/if0_42474986/htdocs/vendor/laravel/framework/src/Illuminate/Foundation/Http/Middleware/TransformsRequest.php(21): Illuminate\\Pipeline\\Pipeline->Illuminate\\Pipeline\\{closure}(Object(Illuminate\\Http\\Request))
#46 /home/vol16_2/infinityfree.com/if0_42474986/htdocs/vendor/laravel/framework/src/Illuminate/Foundation/Http/Middleware/ConvertEmptyStringsToNull.php(31): Illuminate\\Foundation\\Http\\Middleware\\TransformsRequest->handle(Object(Illuminate\\Http\\Request), Object(Closure))
#47 /home/vol16_2/infinityfree.com/if0_42474986/htdocs/vendor/laravel/framework/src/Illuminate/Pipeline/Pipeline.php(219): Illuminate\\Foundation\\Http\\Middleware\\ConvertEmptyStringsToNull->handle(Object(Illuminate\\Http\\Request), Object(Closure))
#48 /home/vol16_2/infinityfree.com/if0_42474986/htdocs/vendor/laravel/framework/src/Illuminate/Foundation/Http/Middleware/TransformsRequest.php(21): Illuminate\\Pipeline\\Pipeline->Illuminate\\Pipeline\\{closure}(Object(Illuminate\\Http\\Request))
#49 /home/vol16_2/infinityfree.com/if0_42474986/htdocs/vendor/laravel/framework/src/Illuminate/Foundation/Http/Middleware/TrimStrings.php(51): Illuminate\\Foundation\\Http\\Middleware\\TransformsRequest->handle(Object(Illuminate\\Http\\Request), Object(Closure))
#50 /home/vol16_2/infinityfree.com/if0_42474986/htdocs/vendor/laravel/framework/src/Illuminate/Pipeline/Pipeline.php(219): Illuminate\\Foundation\\Http\\Middleware\\TrimStrings->handle(Object(Illuminate\\Http\\Request), Object(Closure))
#51 /home/vol16_2/infinityfree.com/if0_42474986/htdocs/vendor/laravel/framework/src/Illuminate/Http/Middleware/ValidatePostSize.php(27): Illuminate\\Pipeline\\Pipeline->Illuminate\\Pipeline\\{closure}(Object(Illuminate\\Http\\Request))
#52 /home/vol16_2/infinityfree.com/if0_42474986/htdocs/vendor/laravel/framework/src/Illuminate/Pipeline/Pipeline.php(219): Illuminate\\Http\\Middleware\\ValidatePostSize->handle(Object(Illuminate\\Http\\Request), Object(Closure))
#53 /home/vol16_2/infinityfree.com/if0_42474986/htdocs/vendor/laravel/framework/src/Illuminate/Foundation/Http/Middleware/PreventRequestsDuringMaintenance.php(109): Illuminate\\Pipeline\\Pipeline->Illuminate\\Pipeline\\{closure}(Object(Illuminate\\Http\\Request))
#54 /home/vol16_2/infinityfree.com/if0_42474986/htdocs/vendor/laravel/framework/src/Illuminate/Pipeline/Pipeline.php(219): Illuminate\\Foundation\\Http\\Middleware\\PreventRequestsDuringMaintenance->handle(Object(Illuminate\\Http\\Request), Object(Closure))
#55 /home/vol16_2/infinityfree.com/if0_42474986/htdocs/vendor/laravel/framework/src/Illuminate/Http/Middleware/HandleCors.php(61): Illuminate\\Pipeline\\Pipeline->Illuminate\\Pipeline\\{closure}(Object(Illuminate\\Http\\Request))
#56 /home/vol16_2/infinityfree.com/if0_42474986/htdocs/vendor/laravel/framework/src/Illuminate/Pipeline/Pipeline.php(219): Illuminate\\Http\\Middleware\\HandleCors->handle(Object(Illuminate\\Http\\Request), Object(Closure))
#57 /home/vol16_2/infinityfree.com/if0_42474986/htdocs/vendor/laravel/framework/src/Illuminate/Http/Middleware/TrustProxies.php(58): Illuminate\\Pipeline\\Pipeline->Illuminate\\Pipeline\\{closure}(Object(Illuminate\\Http\\Request))
#58 /home/vol16_2/infinityfree.com/if0_42474986/htdocs/vendor/laravel/framework/src/Illuminate/Pipeline/Pipeline.php(219): Illuminate\\Http\\Middleware\\TrustProxies->handle(Object(Illuminate\\Http\\Request), Object(Closure))
#59 /home/vol16_2/infinityfree.com/if0_42474986/htdocs/vendor/laravel/framework/src/Illuminate/Foundation/Http/Middleware/InvokeDeferredCallbacks.php(22): Illuminate\\Pipeline\\Pipeline->Illuminate\\Pipeline\\{closure}(Object(Illuminate\\Http\\Request))
#60 /home/vol16_2/infinityfree.com/if0_42474986/htdocs/vendor/laravel/framework/src/Illuminate/Pipeline/Pipeline.php(219): Illuminate\\Foundation\\Http\\Middleware\\InvokeDeferredCallbacks->handle(Object(Illuminate\\Http\\Request), Object(Closure))
#61 /home/vol16_2/infinityfree.com/if0_42474986/htdocs/vendor/laravel/framework/src/Illuminate/Http/Middleware/ValidatePathEncoding.php(26): Illuminate\\Pipeline\\Pipeline->Illuminate\\Pipeline\\{closure}(Object(Illuminate\\Http\\Request))
#62 /home/vol16_2/infinityfree.com/if0_42474986/htdocs/vendor/laravel/framework/src/Illuminate/Pipeline/Pipeline.php(219): Illuminate\\Http\\Middleware\\ValidatePathEncoding->handle(Object(Illuminate\\Http\\Request), Object(Closure))
#63 /home/vol16_2/infinityfree.com/if0_42474986/htdocs/vendor/laravel/framework/src/Illuminate/Pipeline/Pipeline.php(137): Illuminate\\Pipeline\\Pipeline->Illuminate\\Pipeline\\{closure}(Object(Illuminate\\Http\\Request))
#64 /home/vol16_2/infinityfree.com/if0_42474986/htdocs/vendor/laravel/framework/src/Illuminate/Foundation/Http/Kernel.php(175): Illuminate\\Pipeline\\Pipeline->then(Object(Closure))
#65 /home/vol16_2/infinityfree.com/if0_42474986/htdocs/vendor/laravel/framework/src/Illuminate/Foundation/Http/Kernel.php(144): Illuminate\\Foundation\\Http\\Kernel->sendRequestThroughRouter(Object(Illuminate\\Http\\Request))
#66 /home/vol16_2/infinityfree.com/if0_42474986/htdocs/in.php(18): Illuminate\\Foundation\\Http\\Kernel->handle(Object(Illuminate\\Http\\Request))
#67 {main}
"} 
[2026-07-23 05:19:30] production.ERROR: Vite manifest not found at: /home/vol16_2/infinityfree.com/if0_42474986/htdocs/public/build/manifest.json (View: /home/vol16_2/infinityfree.com/if0_42474986/htdocs/resources/views/layouts/app.blade.php) (View: /home/vol16_2/infinityfree.com/if0_42474986/htdocs/resources/views/layouts/app.blade.php) {"exception":"[object] (Illuminate\\View\\ViewException(code: 0): Vite manifest not found at: /home/vol16_2/infinityfree.com/if0_42474986/htdocs/public/build/manifest.json (View: /home/vol16_2/infinityfree.com/if0_42474986/htdocs/resources/views/layouts/app.blade.php) (View: /home/vol16_2/infinityfree.com/if0_42474986/htdocs/resources/views/layouts/app.blade.php) at /home/vol16_2/infinityfree.com/if0_42474986/htdocs/vendor/laravel/framework/src/Illuminate/Foundation/Vite.php:946)
[stacktrace]
#0 /home/vol16_2/infinityfree.com/if0_42474986/htdocs/vendor/laravel/framework/src/Illuminate/View/Engines/PhpEngine.php(59): Illuminate\\View\\Engines\\CompilerEngine->handleViewException(Object(Illuminate\\View\\ViewException), 1)
#1 /home/vol16_2/infinityfree.com/if0_42474986/htdocs/vendor/laravel/framework/src/Illuminate/View/Engines/CompilerEngine.php(76): Illuminate\\View\\Engines\\PhpEngine->evaluatePath('/home/vol16_2/i...', Array)
#2 /home/vol16_2/infinityfree.com/if0_42474986/htdocs/vendor/laravel/framework/src/Illuminate/View/View.php(208): Illuminate\\View\\Engines\\CompilerEngine->get('/home/vol16_2/i...', Array)
#3 /home/vol16_2/infinityfree.com/if0_42474986/htdocs/vendor/laravel/framework/src/Illuminate/View/View.php(191): Illuminate\\View\\View->getContents()
#4 /home/vol16_2/infinityfree.com/if0_42474986/htdocs/vendor/laravel/framework/src/Illuminate/View/View.php(160): Illuminate\\View\\View->renderContents()
#5 /home/vol16_2/infinityfree.com/if0_42474986/htdocs/vendor/laravel/framework/src/Illuminate/Http/Response.php(78): Illuminate\\View\\View->render()
#6 /home/vol16_2/infinityfree.com/if0_42474986/htdocs/vendor/laravel/framework/src/Illuminate/Http/Response.php(34): Illuminate\\Http\\Response->setContent(Object(Illuminate\\View\\View))
#7 /home/vol16_2/infinityfree.com/if0_42474986/htdocs/vendor/laravel/framework/src/Illuminate/Routing/Router.php(939): Illuminate\\Http\\Response->__construct(Object(Illuminate\\View\\View), 200, Array)
#8 /home/vol16_2/infinityfree.com/if0_42474986/htdocs/vendor/laravel/framework/src/Illuminate/Routing/Router.php(906): Illuminate\\Routing\\Router::toResponse(Object(Illuminate\\Http\\Request), Object(Illuminate\\View\\View))
#9 /home/vol16_2/infinityfree.com/if0_42474986/htdocs/vendor/laravel/framework/src/Illuminate/Routing/Router.php(821): Illuminate\\Routing\\Router->prepareResponse(Object(Illuminate\\Http\\Request), Object(Illuminate\\View\\View))
#10 /home/vol16_2/infinityfree.com/if0_42474986/htdocs/vendor/laravel/framework/src/Illuminate/Pipeline/Pipeline.php(180): Illuminate\\Routing\\Router->Illuminate\\Routing\\{closure}(Object(Illuminate\\Http\\Request))
#11 /home/vol16_2/infinityfree.com/if0_42474986/htdocs/app/Http/Middleware/SecurityHeaders.php(13): Illuminate\\Pipeline\\Pipeline->Illuminate\\Pipeline\\{closure}(Object(Illuminate\\Http\\Request))
#12 /home/vol16_2/infinityfree.com/if0_42474986/htdocs/vendor/laravel/framework/src/Illuminate/Pipeline/Pipeline.php(219): App\\Http\\Middleware\\SecurityHeaders->handle(Object(Illuminate\\Http\\Request), Object(Closure))
#13 /home/vol16_2/infinityfree.com/if0_42474986/htdocs/vendor/laravel/framework/src/Illuminate/Routing/Middleware/SubstituteBindings.php(50): Illuminate\\Pipeline\\Pipeline->Illuminate\\Pipeline\\{closure}(Object(Illuminate\\Http\\Request))
#14 /home/vol16_2/infinityfree.com/if0_42474986/htdocs/vendor/laravel/framework/src/Illuminate/Pipeline/Pipeline.php(219): Illuminate\\Routing\\Middleware\\SubstituteBindings->handle(Object(Illuminate\\Http\\Request), Object(Closure))
#15 /home/vol16_2/infinityfree.com/if0_42474986/htdocs/vendor/laravel/framework/src/Illuminate/Foundation/Http/Middleware/VerifyCsrfToken.php(87): Illuminate\\Pipeline\\Pipeline->Illuminate\\Pipeline\\{closure}(Object(Illuminate\\Http\\Request))
#16 /home/vol16_2/infinityfree.com/if0_42474986/htdocs/vendor/laravel/framework/src/Illuminate/Pipeline/Pipeline.php(219): Illuminate\\Foundation\\Http\\Middleware\\VerifyCsrfToken->handle(Object(Illuminate\\Http\\Request), Object(Closure))
#17 /home/vol16_2/infinityfree.com/if0_42474986/htdocs/vendor/laravel/framework/src/Illuminate/View/Middleware/ShareErrorsFromSession.php(48): Illuminate\\Pipeline\\Pipeline->Illuminate\\Pipeline\\{closure}(Object(Illuminate\\Http\\Request))
#18 /home/vol16_2/infinityfree.com/if0_42474986/htdocs/vendor/laravel/framework/src/Illuminate/Pipeline/Pipeline.php(219): Illuminate\\View\\Middleware\\ShareErrorsFromSession->handle(Object(Illuminate\\Http\\Request), Object(Closure))
#19 /home/vol16_2/infinityfree.com/if0_42474986/htdocs/vendor/laravel/framework/src/Illuminate/Session/Middleware/StartSession.php(120): Illuminate\\Pipeline\\Pipeline->Illuminate\\Pipeline\\{closure}(Object(Illuminate\\Http\\Request))
#20 /home/vol16_2/infinityfree.com/if0_42474986/htdocs/vendor/laravel/framework/src/Illuminate/Session/Middleware/StartSession.php(63): Illuminate\\Session\\Middleware\\StartSession->handleStatefulRequest(Object(Illuminate\\Http\\Request), Object(Illuminate\\Session\\Store), Object(Closure))
#21 /home/vol16_2/infinityfree.com/if0_42474986/htdocs/vendor/laravel/framework/src/Illuminate/Pipeline/Pipeline.php(219): Illuminate\\Session\\Middleware\\StartSession->handle(Object(Illuminate\\Http\\Request), Object(Closure))
#22 /home/vol16_2/infinityfree.com/if0_42474986/htdocs/vendor/laravel/framework/src/Illuminate/Cookie/Middleware/AddQueuedCookiesToResponse.php(36): Illuminate\\Pipeline\\Pipeline->Illuminate\\Pipeline\\{closure}(Object(Illuminate\\Http\\Request))
#23 /home/vol16_2/infinityfree.com/if0_42474986/htdocs/vendor/laravel/framework/src/Illuminate/Pipeline/Pipeline.php(219): Illuminate\\Cookie\\Middleware\\AddQueuedCookiesToResponse->handle(Object(Illuminate\\Http\\Request), Object(Closure))
#24 /home/vol16_2/infinityfree.com/if0_42474986/htdocs/vendor/laravel/framework/src/Illuminate/Cookie/Middleware/EncryptCookies.php(74): Illuminate\\Pipeline\\Pipeline->Illuminate\\Pipeline\\{closure}(Object(Illuminate\\Http\\Request))
#25 /home/vol16_2/infinityfree.com/if0_42474986/htdocs/vendor/laravel/framework/src/Illuminate/Pipeline/Pipeline.php(219): Illuminate\\Cookie\\Middleware\\EncryptCookies->handle(Object(Illuminate\\Http\\Request), Object(Closure))
#26 /home/vol16_2/infinityfree.com/if0_42474986/htdocs/vendor/laravel/framework/src/Illuminate/Pipeline/Pipeline.php(137): Illuminate\\Pipeline\\Pipeline->Illuminate\\Pipeline\\{closure}(Object(Illuminate\\Http\\Request))
#27 /home/vol16_2/infinityfree.com/if0_42474986/htdocs/vendor/laravel/framework/src/Illuminate/Routing/Router.php(821): Illuminate\\Pipeline\\Pipeline->then(Object(Closure))
#28 /home/vol16_2/infinityfree.com/if0_42474986/htdocs/vendor/laravel/framework/src/Illuminate/Routing/Router.php(800): Illuminate\\Routing\\Router->runRouteWithinStack(Object(Illuminate\\Routing\\Route), Object(Illuminate\\Http\\Request))
#29 /home/vol16_2/infinityfree.com/if0_42474986/htdocs/vendor/laravel/framework/src/Illuminate/Routing/Router.php(764): Illuminate\\Routing\\Router->runRoute(Object(Illuminate\\Http\\Request), Object(Illuminate\\Routing\\Route))
#30 /home/vol16_2/infinityfree.com/if0_42474986/htdocs/vendor/laravel/framework/src/Illuminate/Routing/Router.php(753): Illuminate\\Routing\\Router->dispatchToRoute(Object(Illuminate\\Http\\Request))
#31 /home/vol16_2/infinityfree.com/if0_42474986/htdocs/vendor/laravel/framework/src/Illuminate/Foundation/Http/Kernel.php(200): Illuminate\\Routing\\Router->dispatch(Object(Illuminate\\Http\\Request))
#32 /home/vol16_2/infinityfree.com/if0_42474986/htdocs/vendor/laravel/framework/src/Illuminate/Pipeline/Pipeline.php(180): Illuminate\\Foundation\\Http\\Kernel->Illuminate\\Foundation\\Http\\{closure}(Object(Illuminate\\Http\\Request))
#33 /home/vol16_2/infinityfree.com/if0_42474986/htdocs/vendor/laravel/framework/src/Illuminate/Foundation/Http/Middleware/TransformsRequest.php(21): Illuminate\\Pipeline\\Pipeline->Illuminate\\Pipeline\\{closure}(Object(Illuminate\\Http\\Request))
#34 /home/vol16_2/infinityfree.com/if0_42474986/htdocs/vendor/laravel/framework/src/Illuminate/Foundation/Http/Middleware/ConvertEmptyStringsToNull.php(31): Illuminate\\Foundation\\Http\\Middleware\\TransformsRequest->handle(Object(Illuminate\\Http\\Request), Object(Closure))
#35 /home/vol16_2/infinityfree.com/if0_42474986/htdocs/vendor/laravel/framework/src/Illuminate/Pipeline/Pipeline.php(219): Illuminate\\Foundation\\Http\\Middleware\\ConvertEmptyStringsToNull->handle(Object(Illuminate\\Http\\Request), Object(Closure))
#36 /home/vol16_2/infinityfree.com/if0_42474986/htdocs/vendor/laravel/framework/src/Illuminate/Foundation/Http/Middleware/TransformsRequest.php(21): Illuminate\\Pipeline\\Pipeline->Illuminate\\Pipeline\\{closure}(Object(Illuminate\\Http\\Request))
#37 /home/vol16_2/infinityfree.com/if0_42474986/htdocs/vendor/laravel/framework/src/Illuminate/Foundation/Http/Middleware/TrimStrings.php(51): Illuminate\\Foundation\\Http\\Middleware\\TransformsRequest->handle(Object(Illuminate\\Http\\Request), Object(Closure))
#38 /home/vol16_2/infinityfree.com/if0_42474986/htdocs/vendor/laravel/framework/src/Illuminate/Pipeline/Pipeline.php(219): Illuminate\\Foundation\\Http\\Middleware\\TrimStrings->handle(Object(Illuminate\\Http\\Request), Object(Closure))
#39 /home/vol16_2/infinityfree.com/if0_42474986/htdocs/vendor/laravel/framework/src/Illuminate/Http/Middleware/ValidatePostSize.php(27): Illuminate\\Pipeline\\Pipeline->Illuminate\\Pipeline\\{closure}(Object(Illuminate\\Http\\Request))
#40 /home/vol16_2/infinityfree.com/if0_42474986/htdocs/vendor/laravel/framework/src/Illuminate/Pipeline/Pipeline.php(219): Illuminate\\Http\\Middleware\\ValidatePostSize->handle(Object(Illuminate\\Http\\Request), Object(Closure))
#41 /home/vol16_2/infinityfree.com/if0_42474986/htdocs/vendor/laravel/framework/src/Illuminate/Foundation/Http/Middleware/PreventRequestsDuringMaintenance.php(109): Illuminate\\Pipeline\\Pipeline->Illuminate\\Pipeline\\{closure}(Object(Illuminate\\Http\\Request))
#42 /home/vol16_2/infinityfree.com/if0_42474986/htdocs/vendor/laravel/framework/src/Illuminate/Pipeline/Pipeline.php(219): Illuminate\\Foundation\\Http\\Middleware\\PreventRequestsDuringMaintenance->handle(Object(Illuminate\\Http\\Request), Object(Closure))
#43 /home/vol16_2/infinityfree.com/if0_42474986/htdocs/vendor/laravel/framework/src/Illuminate/Http/Middleware/HandleCors.php(61): Illuminate\\Pipeline\\Pipeline->Illuminate\\Pipeline\\{closure}(Object(Illuminate\\Http\\Request))
#44 /home/vol16_2/infinityfree.com/if0_42474986/htdocs/vendor/laravel/framework/src/Illuminate/Pipeline/Pipeline.php(219): Illuminate\\Http\\Middleware\\HandleCors->handle(Object(Illuminate\\Http\\Request), Object(Closure))
#45 /home/vol16_2/infinityfree.com/if0_42474986/htdocs/vendor/laravel/framework/src/Illuminate/Http/Middleware/TrustProxies.php(58): Illuminate\\Pipeline\\Pipeline->Illuminate\\Pipeline\\{closure}(Object(Illuminate\\Http\\Request))
#46 /home/vol16_2/infinityfree.com/if0_42474986/htdocs/vendor/laravel/framework/src/Illuminate/Pipeline/Pipeline.php(219): Illuminate\\Http\\Middleware\\TrustProxies->handle(Object(Illuminate\\Http\\Request), Object(Closure))
#47 /home/vol16_2/infinityfree.com/if0_42474986/htdocs/vendor/laravel/framework/src/Illuminate/Foundation/Http/Middleware/InvokeDeferredCallbacks.php(22): Illuminate\\Pipeline\\Pipeline->Illuminate\\Pipeline\\{closure}(Object(Illuminate\\Http\\Request))
#48 /home/vol16_2/infinityfree.com/if0_42474986/htdocs/vendor/laravel/framework/src/Illuminate/Pipeline/Pipeline.php(219): Illuminate\\Foundation\\Http\\Middleware\\InvokeDeferredCallbacks->handle(Object(Illuminate\\Http\\Request), Object(Closure))
#49 /home/vol16_2/infinityfree.com/if0_42474986/htdocs/vendor/laravel/framework/src/Illuminate/Http/Middleware/ValidatePathEncoding.php(26): Illuminate\\Pipeline\\Pipeline->Illuminate\\Pipeline\\{closure}(Object(Illuminate\\Http\\Request))
#50 /home/vol16_2/infinityfree.com/if0_42474986/htdocs/vendor/laravel/framework/src/Illuminate/Pipeline/Pipeline.php(219): Illuminate\\Http\\Middleware\\ValidatePathEncoding->handle(Object(Illuminate\\Http\\Request), Object(Closure))
#51 /home/vol16_2/infinityfree.com/if0_42474986/htdocs/vendor/laravel/framework/src/Illuminate/Pipeline/Pipeline.php(137): Illuminate\\Pipeline\\Pipeline->Illuminate\\Pipeline\\{closure}(Object(Illuminate\\Http\\Request))
#52 /home/vol16_2/infinityfree.com/if0_42474986/htdocs/vendor/laravel/framework/src/Illuminate/Foundation/Http/Kernel.php(175): Illuminate\\Pipeline\\Pipeline->then(Object(Closure))
#53 /home/vol16_2/infinityfree.com/if0_42474986/htdocs/vendor/laravel/framework/src/Illuminate/Foundation/Http/Kernel.php(144): Illuminate\\Foundation\\Http\\Kernel->sendRequestThroughRouter(Object(Illuminate\\Http\\Request))
#54 /home/vol16_2/infinityfree.com/if0_42474986/htdocs/in.php(18): Illuminate\\Foundation\\Http\\Kernel->handle(Object(Illuminate\\Http\\Request))
#55 {main}

[previous exception] [object] (Illuminate\\View\\ViewException(code: 0): Vite manifest not found at: /home/vol16_2/infinityfree.com/if0_42474986/htdocs/public/build/manifest.json (View: /home/vol16_2/infinityfree.com/if0_42474986/htdocs/resources/views/layouts/app.blade.php) at /home/vol16_2/infinityfree.com/if0_42474986/htdocs/vendor/laravel/framework/src/Illuminate/Foundation/Vite.php:946)
[stacktrace]
#0 /home/vol16_2/infinityfree.com/if0_42474986/htdocs/vendor/laravel/framework/src/Illuminate/View/Engines/PhpEngine.php(59): Illuminate\\View\\Engines\\CompilerEngine->handleViewException(Object(Illuminate\\Foundation\\ViteManifestNotFoundException), 2)
#1 /home/vol16_2/infinityfree.com/if0_42474986/htdocs/vendor/laravel/framework/src/Illuminate/View/Engines/CompilerEngine.php(76): Illuminate\\View\\Engines\\PhpEngine->evaluatePath('/home/vol16_2/i...', Array)
#2 /home/vol16_2/infinityfree.com/if0_42474986/htdocs/vendor/laravel/framework/src/Illuminate/View/View.php(208): Illuminate\\View\\Engines\\CompilerEngine->get('/home/vol16_2/i...', Array)
#3 /home/vol16_2/infinityfree.com/if0_42474986/htdocs/vendor/laravel/framework/src/Illuminate/View/View.php(191): Illuminate\\View\\View->getContents()
#4 /home/vol16_2/infinityfree.com/if0_42474986/htdocs/vendor/laravel/framework/src/Illuminate/View/View.php(160): Illuminate\\View\\View->renderContents()
#5 /home/vol16_2/infinityfree.com/if0_42474986/htdocs/storage/framework/views/6bc3d61501c9ccdc58cc5fbe900fc0fe.php(297): Illuminate\\View\\View->render()
#6 /home/vol16_2/infinityfree.com/if0_42474986/htdocs/vendor/laravel/framework/src/Illuminate/Filesystem/Filesystem.php(123): require('/home/vol16_2/i...')
#7 /home/vol16_2/infinityfree.com/if0_42474986/htdocs/vendor/laravel/framework/src/Illuminate/Filesystem/Filesystem.php(124): Illuminate\\Filesystem\\Filesystem::Illuminate\\Filesystem\\{closure}()
#8 /home/vol16_2/infinityfree.com/if0_42474986/htdocs/vendor/laravel/framework/src/Illuminate/View/Engines/PhpEngine.php(57): Illuminate\\Filesystem\\Filesystem->getRequire('/home/vol16_2/i...', Array)
#9 /home/vol16_2/infinityfree.com/if0_42474986/htdocs/vendor/laravel/framework/src/Illuminate/View/Engines/CompilerEngine.php(76): Illuminate\\View\\Engines\\PhpEngine->evaluatePath('/home/vol16_2/i...', Array)
#10 /home/vol16_2/infinityfree.com/if0_42474986/htdocs/vendor/laravel/framework/src/Illuminate/View/View.php(208): Illuminate\\View\\Engines\\CompilerEngine->get('/home/vol16_2/i...', Array)
#11 /home/vol16_2/infinityfree.com/if0_42474986/htdocs/vendor/laravel/framework/src/Illuminate/View/View.php(191): Illuminate\\View\\View->getContents()
#12 /home/vol16_2/infinityfree.com/if0_42474986/htdocs/vendor/laravel/framework/src/Illuminate/View/View.php(160): Illuminate\\View\\View->renderContents()
#13 /home/vol16_2/infinityfree.com/if0_42474986/htdocs/vendor/laravel/framework/src/Illuminate/Http/Response.php(78): Illuminate\\View\\View->render()
#14 /home/vol16_2/infinityfree.com/if0_42474986/htdocs/vendor/laravel/framework/src/Illuminate/Http/Response.php(34): Illuminate\\Http\\Response->setContent(Object(Illuminate\\View\\View))
#15 /home/vol16_2/infinityfree.com/if0_42474986/htdocs/vendor/laravel/framework/src/Illuminate/Routing/Router.php(939): Illuminate\\Http\\Response->__construct(Object(Illuminate\\View\\View), 200, Array)
#16 /home/vol16_2/infinityfree.com/if0_42474986/htdocs/vendor/laravel/framework/src/Illuminate/Routing/Router.php(906): Illuminate\\Routing\\Router::toResponse(Object(Illuminate\\Http\\Request), Object(Illuminate\\View\\View))
#17 /home/vol16_2/infinityfree.com/if0_42474986/htdocs/vendor/laravel/framework/src/Illuminate/Routing/Router.php(821): Illuminate\\Routing\\Router->prepareResponse(Object(Illuminate\\Http\\Request), Object(Illuminate\\View\\View))
#18 /home/vol16_2/infinityfree.com/if0_42474986/htdocs/vendor/laravel/framework/src/Illuminate/Pipeline/Pipeline.php(180): Illuminate\\Routing\\Router->Illuminate\\Routing\\{closure}(Object(Illuminate\\Http\\Request))
#19 /home/vol16_2/infinityfree.com/if0_42474986/htdocs/app/Http/Middleware/SecurityHeaders.php(13): Illuminate\\Pipeline\\Pipeline->Illuminate\\Pipeline\\{closure}(Object(Illuminate\\Http\\Request))
#20 /home/vol16_2/infinityfree.com/if0_42474986/htdocs/vendor/laravel/framework/src/Illuminate/Pipeline/Pipeline.php(219): App\\Http\\Middleware\\SecurityHeaders->handle(Object(Illuminate\\Http\\Request), Object(Closure))
#21 /home/vol16_2/infinityfree.com/if0_42474986/htdocs/vendor/laravel/framework/src/Illuminate/Routing/Middleware/SubstituteBindings.php(50): Illuminate\\Pipeline\\Pipeline->Illuminate\\Pipeline\\{closure}(Object(Illuminate\\Http\\Request))
#22 /home/vol16_2/infinityfree.com/if0_42474986/htdocs/vendor/laravel/framework/src/Illuminate/Pipeline/Pipeline.php(219): Illuminate\\Routing\\Middleware\\SubstituteBindings->handle(Object(Illuminate\\Http\\Request), Object(Closure))
#23 /home/vol16_2/infinityfree.com/if0_42474986/htdocs/vendor/laravel/framework/src/Illuminate/Foundation/Http/Middleware/VerifyCsrfToken.php(87): Illuminate\\Pipeline\\Pipeline->Illuminate\\Pipeline\\{closure}(Object(Illuminate\\Http\\Request))
#24 /home/vol16_2/infinityfree.com/if0_42474986/htdocs/vendor/laravel/framework/src/Illuminate/Pipeline/Pipeline.php(219): Illuminate\\Foundation\\Http\\Middleware\\VerifyCsrfToken->handle(Object(Illuminate\\Http\\Request), Object(Closure))
#25 /home/vol16_2/infinityfree.com/if0_42474986/htdocs/vendor/laravel/framework/src/Illuminate/View/Middleware/ShareErrorsFromSession.php(48): Illuminate\\Pipeline\\Pipeline->Illuminate\\Pipeline\\{closure}(Object(Illuminate\\Http\\Request))
#26 /home/vol16_2/infinityfree.com/if0_42474986/htdocs/vendor/laravel/framework/src/Illuminate/Pipeline/Pipeline.php(219): Illuminate\\View\\Middleware\\ShareErrorsFromSession->handle(Object(Illuminate\\Http\\Request), Object(Closure))
#27 /home/vol16_2/infinityfree.com/if0_42474986/htdocs/vendor/laravel/framework/src/Illuminate/Session/Middleware/StartSession.php(120): Illuminate\\Pipeline\\Pipeline->Illuminate\\Pipeline\\{closure}(Object(Illuminate\\Http\\Request))
#28 /home/vol16_2/infinityfree.com/if0_42474986/htdocs/vendor/laravel/framework/src/Illuminate/Session/Middleware/StartSession.php(63): Illuminate\\Session\\Middleware\\StartSession->handleStatefulRequest(Object(Illuminate\\Http\\Request), Object(Illuminate\\Session\\Store), Object(Closure))
#29 /home/vol16_2/infinityfree.com/if0_42474986/htdocs/vendor/laravel/framework/src/Illuminate/Pipeline/Pipeline.php(219): Illuminate\\Session\\Middleware\\StartSession->handle(Object(Illuminate\\Http\\Request), Object(Closure))
#30 /home/vol16_2/infinityfree.com/if0_42474986/htdocs/vendor/laravel/framework/src/Illuminate/Cookie/Middleware/AddQueuedCookiesToResponse.php(36): Illuminate\\Pipeline\\Pipeline->Illuminate\\Pipeline\\{closure}(Object(Illuminate\\Http\\Request))
#31 /home/vol16_2/infinityfree.com/if0_42474986/htdocs/vendor/laravel/framework/src/Illuminate/Pipeline/Pipeline.php(219): Illuminate\\Cookie\\Middleware\\AddQueuedCookiesToResponse->handle(Object(Illuminate\\Http\\Request), Object(Closure))
#32 /home/vol16_2/infinityfree.com/if0_42474986/htdocs/vendor/laravel/framework/src/Illuminate/Cookie/Middleware/EncryptCookies.php(74): Illuminate\\Pipeline\\Pipeline->Illuminate\\Pipeline\\{closure}(Object(Illuminate\\Http\\Request))
#33 /home/vol16_2/infinityfree.com/if0_42474986/htdocs/vendor/laravel/framework/src/Illuminate/Pipeline/Pipeline.php(219): Illuminate\\Cookie\\Middleware\\EncryptCookies->handle(Object(Illuminate\\Http\\Request), Object(Closure))
#34 /home/vol16_2/infinityfree.com/if0_42474986/htdocs/vendor/laravel/framework/src/Illuminate/Pipeline/Pipeline.php(137): Illuminate\\Pipeline\\Pipeline->Illuminate\\Pipeline\\{closure}(Object(Illuminate\\Http\\Request))
#35 /home/vol16_2/infinityfree.com/if0_42474986/htdocs/vendor/laravel/framework/src/Illuminate/Routing/Router.php(821): Illuminate\\Pipeline\\Pipeline->then(Object(Closure))
#36 /home/vol16_2/infinityfree.com/if0_42474986/htdocs/vendor/laravel/framework/src/Illuminate/Routing/Router.php(800): Illuminate\\Routing\\Router->runRouteWithinStack(Object(Illuminate\\Routing\\Route), Object(Illuminate\\Http\\Request))
#37 /home/vol16_2/infinityfree.com/if0_42474986/htdocs/vendor/laravel/framework/src/Illuminate/Routing/Router.php(764): Illuminate\\Routing\\Router->runRoute(Object(Illuminate\\Http\\Request), Object(Illuminate\\Routing\\Route))
#38 /home/vol16_2/infinityfree.com/if0_42474986/htdocs/vendor/laravel/framework/src/Illuminate/Routing/Router.php(753): Illuminate\\Routing\\Router->dispatchToRoute(Object(Illuminate\\Http\\Request))
#39 /home/vol16_2/infinityfree.com/if0_42474986/htdocs/vendor/laravel/framework/src/Illuminate/Foundation/Http/Kernel.php(200): Illuminate\\Routing\\Router->dispatch(Object(Illuminate\\Http\\Request))
#40 /home/vol16_2/infinityfree.com/if0_42474986/htdocs/vendor/laravel/framework/src/Illuminate/Pipeline/Pipeline.php(180): Illuminate\\Foundation\\Http\\Kernel->Illuminate\\Foundation\\Http\\{closure}(Object(Illuminate\\Http\\Request))
#41 /home/vol16_2/infinityfree.com/if0_42474986/htdocs/vendor/laravel/framework/src/Illuminate/Foundation/Http/Middleware/TransformsRequest.php(21): Illuminate\\Pipeline\\Pipeline->Illuminate\\Pipeline\\{closure}(Object(Illuminate\\Http\\Request))
#42 /home/vol16_2/infinityfree.com/if0_42474986/htdocs/vendor/laravel/framework/src/Illuminate/Foundation/Http/Middleware/ConvertEmptyStringsToNull.php(31): Illuminate\\Foundation\\Http\\Middleware\\TransformsRequest->handle(Object(Illuminate\\Http\\Request), Object(Closure))
#43 /home/vol16_2/infinityfree.com/if0_42474986/htdocs/vendor/laravel/framework/src/Illuminate/Pipeline/Pipeline.php(219): Illuminate\\Foundation\\Http\\Middleware\\ConvertEmptyStringsToNull->handle(Object(Illuminate\\Http\\Request), Object(Closure))
#44 /home/vol16_2/infinityfree.com/if0_42474986/htdocs/vendor/laravel/framework/src/Illuminate/Foundation/Http/Middleware/TransformsRequest.php(21): Illuminate\\Pipeline\\Pipeline->Illuminate\\Pipeline\\{closure}(Object(Illuminate\\Http\\Request))
#45 /home/vol16_2/infinityfree.com/if0_42474986/htdocs/vendor/laravel/framework/src/Illuminate/Foundation/Http/Middleware/TrimStrings.php(51): Illuminate\\Foundation\\Http\\Middleware\\TransformsRequest->handle(Object(Illuminate\\Http\\Request), Object(Closure))
#46 /home/vol16_2/infinityfree.com/if0_42474986/htdocs/vendor/laravel/framework/src/Illuminate/Pipeline/Pipeline.php(219): Illuminate\\Foundation\\Http\\Middleware\\TrimStrings->handle(Object(Illuminate\\Http\\Request), Object(Closure))
#47 /home/vol16_2/infinityfree.com/if0_42474986/htdocs/vendor/laravel/framework/src/Illuminate/Http/Middleware/ValidatePostSize.php(27): Illuminate\\Pipeline\\Pipeline->Illuminate\\Pipeline\\{closure}(Object(Illuminate\\Http\\Request))
#48 /home/vol16_2/infinityfree.com/if0_42474986/htdocs/vendor/laravel/framework/src/Illuminate/Pipeline/Pipeline.php(219): Illuminate\\Http\\Middleware\\ValidatePostSize->handle(Object(Illuminate\\Http\\Request), Object(Closure))
#49 /home/vol16_2/infinityfree.com/if0_42474986/htdocs/vendor/laravel/framework/src/Illuminate/Foundation/Http/Middleware/PreventRequestsDuringMaintenance.php(109): Illuminate\\Pipeline\\Pipeline->Illuminate\\Pipeline\\{closure}(Object(Illuminate\\Http\\Request))
#50 /home/vol16_2/infinityfree.com/if0_42474986/htdocs/vendor/laravel/framework/src/Illuminate/Pipeline/Pipeline.php(219): Illuminate\\Foundation\\Http\\Middleware\\PreventRequestsDuringMaintenance->handle(Object(Illuminate\\Http\\Request), Object(Closure))
#51 /home/vol16_2/infinityfree.com/if0_42474986/htdocs/vendor/laravel/framework/src/Illuminate/Http/Middleware/HandleCors.php(61): Illuminate\\Pipeline\\Pipeline->Illuminate\\Pipeline\\{closure}(Object(Illuminate\\Http\\Request))
#52 /home/vol16_2/infinityfree.com/if0_42474986/htdocs/vendor/laravel/framework/src/Illuminate/Pipeline/Pipeline.php(219): Illuminate\\Http\\Middleware\\HandleCors->handle(Object(Illuminate\\Http\\Request), Object(Closure))
#53 /home/vol16_2/infinityfree.com/if0_42474986/htdocs/vendor/laravel/framework/src/Illuminate/Http/Middleware/TrustProxies.php(58): Illuminate\\Pipeline\\Pipeline->Illuminate\\Pipeline\\{closure}(Object(Illuminate\\Http\\Request))
#54 /home/vol16_2/infinityfree.com/if0_42474986/htdocs/vendor/laravel/framework/src/Illuminate/Pipeline/Pipeline.php(219): Illuminate\\Http\\Middleware\\TrustProxies->handle(Object(Illuminate\\Http\\Request), Object(Closure))
#55 /home/vol16_2/infinityfree.com/if0_42474986/htdocs/vendor/laravel/framework/src/Illuminate/Foundation/Http/Middleware/InvokeDeferredCallbacks.php(22): Illuminate\\Pipeline\\Pipeline->Illuminate\\Pipeline\\{closure}(Object(Illuminate\\Http\\Request))
#56 /home/vol16_2/infinityfree.com/if0_42474986/htdocs/vendor/laravel/framework/src/Illuminate/Pipeline/Pipeline.php(219): Illuminate\\Foundation\\Http\\Middleware\\InvokeDeferredCallbacks->handle(Object(Illuminate\\Http\\Request), Object(Closure))
#57 /home/vol16_2/infinityfree.com/if0_42474986/htdocs/vendor/laravel/framework/src/Illuminate/Http/Middleware/ValidatePathEncoding.php(26): Illuminate\\Pipeline\\Pipeline->Illuminate\\Pipeline\\{closure}(Object(Illuminate\\Http\\Request))
#58 /home/vol16_2/infinityfree.com/if0_42474986/htdocs/vendor/laravel/framework/src/Illuminate/Pipeline/Pipeline.php(219): Illuminate\\Http\\Middleware\\ValidatePathEncoding->handle(Object(Illuminate\\Http\\Request), Object(Closure))
#59 /home/vol16_2/infinityfree.com/if0_42474986/htdocs/vendor/laravel/framework/src/Illuminate/Pipeline/Pipeline.php(137): Illuminate\\Pipeline\\Pipeline->Illuminate\\Pipeline\\{closure}(Object(Illuminate\\Http\\Request))
#60 /home/vol16_2/infinityfree.com/if0_42474986/htdocs/vendor/laravel/framework/src/Illuminate/Foundation/Http/Kernel.php(175): Illuminate\\Pipeline\\Pipeline->then(Object(Closure))
#61 /home/vol16_2/infinityfree.com/if0_42474986/htdocs/vendor/laravel/framework/src/Illuminate/Foundation/Http/Kernel.php(144): Illuminate\\Foundation\\Http\\Kernel->sendRequestThroughRouter(Object(Illuminate\\Http\\Request))
#62 /home/vol16_2/infinityfree.com/if0_42474986/htdocs/in.php(18): Illuminate\\Foundation\\Http\\Kernel->handle(Object(Illuminate\\Http\\Request))
#63 {main}

[previous exception] [object] (Illuminate\\Foundation\\ViteManifestNotFoundException(code: 0): Vite manifest not found at: /home/vol16_2/infinityfree.com/if0_42474986/htdocs/public/build/manifest.json at /home/vol16_2/infinityfree.com/if0_42474986/htdocs/vendor/laravel/framework/src/Illuminate/Foundation/Vite.php:946)
[stacktrace]
#0 /home/vol16_2/infinityfree.com/if0_42474986/htdocs/vendor/laravel/framework/src/Illuminate/Foundation/Vite.php(384): Illuminate\\Foundation\\Vite->manifest('build')
#1 /home/vol16_2/infinityfree.com/if0_42474986/htdocs/storage/framework/views/eb0525571af00833f791371665caa793.php(21): Illuminate\\Foundation\\Vite->__invoke(Object(Illuminate\\Support\\Collection))
#2 /home/vol16_2/infinityfree.com/if0_42474986/htdocs/vendor/laravel/framework/src/Illuminate/Filesystem/Filesystem.php(123): require('/home/vol16_2/i...')
#3 /home/vol16_2/infinityfree.com/if0_42474986/htdocs/vendor/laravel/framework/src/Illuminate/Filesystem/Filesystem.php(124): Illuminate\\Filesystem\\Filesystem::Illuminate\\Filesystem\\{closure}()
#4 /home/vol16_2/infinityfree.com/if0_42474986/htdocs/vendor/laravel/framework/src/Illuminate/View/Engines/PhpEngine.php(57): Illuminate\\Filesystem\\Filesystem->getRequire('/home/vol16_2/i...', Array)
#5 /home/vol16_2/infinityfree.com/if0_42474986/htdocs/vendor/laravel/framework/src/Illuminate/View/Engines/CompilerEngine.php(76): Illuminate\\View\\Engines\\PhpEngine->evaluatePath('/home/vol16_2/i...', Array)
#6 /home/vol16_2/infinityfree.com/if0_42474986/htdocs/vendor/laravel/framework/src/Illuminate/View/View.php(208): Illuminate\\View\\Engines\\CompilerEngine->get('/home/vol16_2/i...', Array)
#7 /home/vol16_2/infinityfree.com/if0_42474986/htdocs/vendor/laravel/framework/src/Illuminate/View/View.php(191): Illuminate\\View\\View->getContents()
#8 /home/vol16_2/infinityfree.com/if0_42474986/htdocs/vendor/laravel/framework/src/Illuminate/View/View.php(160): Illuminate\\View\\View->renderContents()
#9 /home/vol16_2/infinityfree.com/if0_42474986/htdocs/storage/framework/views/6bc3d61501c9ccdc58cc5fbe900fc0fe.php(297): Illuminate\\View\\View->render()
#10 /home/vol16_2/infinityfree.com/if0_42474986/htdocs/vendor/laravel/framework/src/Illuminate/Filesystem/Filesystem.php(123): require('/home/vol16_2/i...')
#11 /home/vol16_2/infinityfree.com/if0_42474986/htdocs/vendor/laravel/framework/src/Illuminate/Filesystem/Filesystem.php(124): Illuminate\\Filesystem\\Filesystem::Illuminate\\Filesystem\\{closure}()
#12 /home/vol16_2/infinityfree.com/if0_42474986/htdocs/vendor/laravel/framework/src/Illuminate/View/Engines/PhpEngine.php(57): Illuminate\\Filesystem\\Filesystem->getRequire('/home/vol16_2/i...', Array)
#13 /home/vol16_2/infinityfree.com/if0_42474986/htdocs/vendor/laravel/framework/src/Illuminate/View/Engines/CompilerEngine.php(76): Illuminate\\View\\Engines\\PhpEngine->evaluatePath('/home/vol16_2/i...', Array)
#14 /home/vol16_2/infinityfree.com/if0_42474986/htdocs/vendor/laravel/framework/src/Illuminate/View/View.php(208): Illuminate\\View\\Engines\\CompilerEngine->get('/home/vol16_2/i...', Array)
#15 /home/vol16_2/infinityfree.com/if0_42474986/htdocs/vendor/laravel/framework/src/Illuminate/View/View.php(191): Illuminate\\View\\View->getContents()
#16 /home/vol16_2/infinityfree.com/if0_42474986/htdocs/vendor/laravel/framework/src/Illuminate/View/View.php(160): Illuminate\\View\\View->renderContents()
#17 /home/vol16_2/infinityfree.com/if0_42474986/htdocs/vendor/laravel/framework/src/Illuminate/Http/Response.php(78): Illuminate\\View\\View->render()
#18 /home/vol16_2/infinityfree.com/if0_42474986/htdocs/vendor/laravel/framework/src/Illuminate/Http/Response.php(34): Illuminate\\Http\\Response->setContent(Object(Illuminate\\View\\View))
#19 /home/vol16_2/infinityfree.com/if0_42474986/htdocs/vendor/laravel/framework/src/Illuminate/Routing/Router.php(939): Illuminate\\Http\\Response->__construct(Object(Illuminate\\View\\View), 200, Array)
#20 /home/vol16_2/infinityfree.com/if0_42474986/htdocs/vendor/laravel/framework/src/Illuminate/Routing/Router.php(906): Illuminate\\Routing\\Router::toResponse(Object(Illuminate\\Http\\Request), Object(Illuminate\\View\\View))
#21 /home/vol16_2/infinityfree.com/if0_42474986/htdocs/vendor/laravel/framework/src/Illuminate/Routing/Router.php(821): Illuminate\\Routing\\Router->prepareResponse(Object(Illuminate\\Http\\Request), Object(Illuminate\\View\\View))
#22 /home/vol16_2/infinityfree.com/if0_42474986/htdocs/vendor/laravel/framework/src/Illuminate/Pipeline/Pipeline.php(180): Illuminate\\Routing\\Router->Illuminate\\Routing\\{closure}(Object(Illuminate\\Http\\Request))
#23 /home/vol16_2/infinityfree.com/if0_42474986/htdocs/app/Http/Middleware/SecurityHeaders.php(13): Illuminate\\Pipeline\\Pipeline->Illuminate\\Pipeline\\{closure}(Object(Illuminate\\Http\\Request))
#24 /home/vol16_2/infinityfree.com/if0_42474986/htdocs/vendor/laravel/framework/src/Illuminate/Pipeline/Pipeline.php(219): App\\Http\\Middleware\\SecurityHeaders->handle(Object(Illuminate\\Http\\Request), Object(Closure))
#25 /home/vol16_2/infinityfree.com/if0_42474986/htdocs/vendor/laravel/framework/src/Illuminate/Routing/Middleware/SubstituteBindings.php(50): Illuminate\\Pipeline\\Pipeline->Illuminate\\Pipeline\\{closure}(Object(Illuminate\\Http\\Request))
#26 /home/vol16_2/infinityfree.com/if0_42474986/htdocs/vendor/laravel/framework/src/Illuminate/Pipeline/Pipeline.php(219): Illuminate\\Routing\\Middleware\\SubstituteBindings->handle(Object(Illuminate\\Http\\Request), Object(Closure))
#27 /home/vol16_2/infinityfree.com/if0_42474986/htdocs/vendor/laravel/framework/src/Illuminate/Foundation/Http/Middleware/VerifyCsrfToken.php(87): Illuminate\\Pipeline\\Pipeline->Illuminate\\Pipeline\\{closure}(Object(Illuminate\\Http\\Request))
#28 /home/vol16_2/infinityfree.com/if0_42474986/htdocs/vendor/laravel/framework/src/Illuminate/Pipeline/Pipeline.php(219): Illuminate\\Foundation\\Http\\Middleware\\VerifyCsrfToken->handle(Object(Illuminate\\Http\\Request), Object(Closure))
#29 /home/vol16_2/infinityfree.com/if0_42474986/htdocs/vendor/laravel/framework/src/Illuminate/View/Middleware/ShareErrorsFromSession.php(48): Illuminate\\Pipeline\\Pipeline->Illuminate\\Pipeline\\{closure}(Object(Illuminate\\Http\\Request))
#30 /home/vol16_2/infinityfree.com/if0_42474986/htdocs/vendor/laravel/framework/src/Illuminate/Pipeline/Pipeline.php(219): Illuminate\\View\\Middleware\\ShareErrorsFromSession->handle(Object(Illuminate\\Http\\Request), Object(Closure))
#31 /home/vol16_2/infinityfree.com/if0_42474986/htdocs/vendor/laravel/framework/src/Illuminate/Session/Middleware/StartSession.php(120): Illuminate\\Pipeline\\Pipeline->Illuminate\\Pipeline\\{closure}(Object(Illuminate\\Http\\Request))
#32 /home/vol16_2/infinityfree.com/if0_42474986/htdocs/vendor/laravel/framework/src/Illuminate/Session/Middleware/StartSession.php(63): Illuminate\\Session\\Middleware\\StartSession->handleStatefulRequest(Object(Illuminate\\Http\\Request), Object(Illuminate\\Session\\Store), Object(Closure))
#33 /home/vol16_2/infinityfree.com/if0_42474986/htdocs/vendor/laravel/framework/src/Illuminate/Pipeline/Pipeline.php(219): Illuminate\\Session\\Middleware\\StartSession->handle(Object(Illuminate\\Http\\Request), Object(Closure))
#34 /home/vol16_2/infinityfree.com/if0_42474986/htdocs/vendor/laravel/framework/src/Illuminate/Cookie/Middleware/AddQueuedCookiesToResponse.php(36): Illuminate\\Pipeline\\Pipeline->Illuminate\\Pipeline\\{closure}(Object(Illuminate\\Http\\Request))
#35 /home/vol16_2/infinityfree.com/if0_42474986/htdocs/vendor/laravel/framework/src/Illuminate/Pipeline/Pipeline.php(219): Illuminate\\Cookie\\Middleware\\AddQueuedCookiesToResponse->handle(Object(Illuminate\\Http\\Request), Object(Closure))
#36 /home/vol16_2/infinityfree.com/if0_42474986/htdocs/vendor/laravel/framework/src/Illuminate/Cookie/Middleware/EncryptCookies.php(74): Illuminate\\Pipeline\\Pipeline->Illuminate\\Pipeline\\{closure}(Object(Illuminate\\Http\\Request))
#37 /home/vol16_2/infinityfree.com/if0_42474986/htdocs/vendor/laravel/framework/src/Illuminate/Pipeline/Pipeline.php(219): Illuminate\\Cookie\\Middleware\\EncryptCookies->handle(Object(Illuminate\\Http\\Request), Object(Closure))
#38 /home/vol16_2/infinityfree.com/if0_42474986/htdocs/vendor/laravel/framework/src/Illuminate/Pipeline/Pipeline.php(137): Illuminate\\Pipeline\\Pipeline->Illuminate\\Pipeline\\{closure}(Object(Illuminate\\Http\\Request))
#39 /home/vol16_2/infinityfree.com/if0_42474986/htdocs/vendor/laravel/framework/src/Illuminate/Routing/Router.php(821): Illuminate\\Pipeline\\Pipeline->then(Object(Closure))
#40 /home/vol16_2/infinityfree.com/if0_42474986/htdocs/vendor/laravel/framework/src/Illuminate/Routing/Router.php(800): Illuminate\\Routing\\Router->runRouteWithinStack(Object(Illuminate\\Routing\\Route), Object(Illuminate\\Http\\Request))
#41 /home/vol16_2/infinityfree.com/if0_42474986/htdocs/vendor/laravel/framework/src/Illuminate/Routing/Router.php(764): Illuminate\\Routing\\Router->runRoute(Object(Illuminate\\Http\\Request), Object(Illuminate\\Routing\\Route))
#42 /home/vol16_2/infinityfree.com/if0_42474986/htdocs/vendor/laravel/framework/src/Illuminate/Routing/Router.php(753): Illuminate\\Routing\\Router->dispatchToRoute(Object(Illuminate\\Http\\Request))
#43 /home/vol16_2/infinityfree.com/if0_42474986/htdocs/vendor/laravel/framework/src/Illuminate/Foundation/Http/Kernel.php(200): Illuminate\\Routing\\Router->dispatch(Object(Illuminate\\Http\\Request))
#44 /home/vol16_2/infinityfree.com/if0_42474986/htdocs/vendor/laravel/framework/src/Illuminate/Pipeline/Pipeline.php(180): Illuminate\\Foundation\\Http\\Kernel->Illuminate\\Foundation\\Http\\{closure}(Object(Illuminate\\Http\\Request))
#45 /home/vol16_2/infinityfree.com/if0_42474986/htdocs/vendor/laravel/framework/src/Illuminate/Foundation/Http/Middleware/TransformsRequest.php(21): Illuminate\\Pipeline\\Pipeline->Illuminate\\Pipeline\\{closure}(Object(Illuminate\\Http\\Request))
#46 /home/vol16_2/infinityfree.com/if0_42474986/htdocs/vendor/laravel/framework/src/Illuminate/Foundation/Http/Middleware/ConvertEmptyStringsToNull.php(31): Illuminate\\Foundation\\Http\\Middleware\\TransformsRequest->handle(Object(Illuminate\\Http\\Request), Object(Closure))
#47 /home/vol16_2/infinityfree.com/if0_42474986/htdocs/vendor/laravel/framework/src/Illuminate/Pipeline/Pipeline.php(219): Illuminate\\Foundation\\Http\\Middleware\\ConvertEmptyStringsToNull->handle(Object(Illuminate\\Http\\Request), Object(Closure))
#48 /home/vol16_2/infinityfree.com/if0_42474986/htdocs/vendor/laravel/framework/src/Illuminate/Foundation/Http/Middleware/TransformsRequest.php(21): Illuminate\\Pipeline\\Pipeline->Illuminate\\Pipeline\\{closure}(Object(Illuminate\\Http\\Request))
#49 /home/vol16_2/infinityfree.com/if0_42474986/htdocs/vendor/laravel/framework/src/Illuminate/Foundation/Http/Middleware/TrimStrings.php(51): Illuminate\\Foundation\\Http\\Middleware\\TransformsRequest->handle(Object(Illuminate\\Http\\Request), Object(Closure))
#50 /home/vol16_2/infinityfree.com/if0_42474986/htdocs/vendor/laravel/framework/src/Illuminate/Pipeline/Pipeline.php(219): Illuminate\\Foundation\\Http\\Middleware\\TrimStrings->handle(Object(Illuminate\\Http\\Request), Object(Closure))
#51 /home/vol16_2/infinityfree.com/if0_42474986/htdocs/vendor/laravel/framework/src/Illuminate/Http/Middleware/ValidatePostSize.php(27): Illuminate\\Pipeline\\Pipeline->Illuminate\\Pipeline\\{closure}(Object(Illuminate\\Http\\Request))
#52 /home/vol16_2/infinityfree.com/if0_42474986/htdocs/vendor/laravel/framework/src/Illuminate/Pipeline/Pipeline.php(219): Illuminate\\Http\\Middleware\\ValidatePostSize->handle(Object(Illuminate\\Http\\Request), Object(Closure))
#53 /home/vol16_2/infinityfree.com/if0_42474986/htdocs/vendor/laravel/framework/src/Illuminate/Foundation/Http/Middleware/PreventRequestsDuringMaintenance.php(109): Illuminate\\Pipeline\\Pipeline->Illuminate\\Pipeline\\{closure}(Object(Illuminate\\Http\\Request))
#54 /home/vol16_2/infinityfree.com/if0_42474986/htdocs/vendor/laravel/framework/src/Illuminate/Pipeline/Pipeline.php(219): Illuminate\\Foundation\\Http\\Middleware\\PreventRequestsDuringMaintenance->handle(Object(Illuminate\\Http\\Request), Object(Closure))
#55 /home/vol16_2/infinityfree.com/if0_42474986/htdocs/vendor/laravel/framework/src/Illuminate/Http/Middleware/HandleCors.php(61): Illuminate\\Pipeline\\Pipeline->Illuminate\\Pipeline\\{closure}(Object(Illuminate\\Http\\Request))
#56 /home/vol16_2/infinityfree.com/if0_42474986/htdocs/vendor/laravel/framework/src/Illuminate/Pipeline/Pipeline.php(219): Illuminate\\Http\\Middleware\\HandleCors->handle(Object(Illuminate\\Http\\Request), Object(Closure))
#57 /home/vol16_2/infinityfree.com/if0_42474986/htdocs/vendor/laravel/framework/src/Illuminate/Http/Middleware/TrustProxies.php(58): Illuminate\\Pipeline\\Pipeline->Illuminate\\Pipeline\\{closure}(Object(Illuminate\\Http\\Request))
#58 /home/vol16_2/infinityfree.com/if0_42474986/htdocs/vendor/laravel/framework/src/Illuminate/Pipeline/Pipeline.php(219): Illuminate\\Http\\Middleware\\TrustProxies->handle(Object(Illuminate\\Http\\Request), Object(Closure))
#59 /home/vol16_2/infinityfree.com/if0_42474986/htdocs/vendor/laravel/framework/src/Illuminate/Foundation/Http/Middleware/InvokeDeferredCallbacks.php(22): Illuminate\\Pipeline\\Pipeline->Illuminate\\Pipeline\\{closure}(Object(Illuminate\\Http\\Request))
#60 /home/vol16_2/infinityfree.com/if0_42474986/htdocs/vendor/laravel/framework/src/Illuminate/Pipeline/Pipeline.php(219): Illuminate\\Foundation\\Http\\Middleware\\InvokeDeferredCallbacks->handle(Object(Illuminate\\Http\\Request), Object(Closure))
#61 /home/vol16_2/infinityfree.com/if0_42474986/htdocs/vendor/laravel/framework/src/Illuminate/Http/Middleware/ValidatePathEncoding.php(26): Illuminate\\Pipeline\\Pipeline->Illuminate\\Pipeline\\{closure}(Object(Illuminate\\Http\\Request))
#62 /home/vol16_2/infinityfree.com/if0_42474986/htdocs/vendor/laravel/framework/src/Illuminate/Pipeline/Pipeline.php(219): Illuminate\\Http\\Middleware\\ValidatePathEncoding->handle(Object(Illuminate\\Http\\Request), Object(Closure))
#63 /home/vol16_2/infinityfree.com/if0_42474986/htdocs/vendor/laravel/framework/src/Illuminate/Pipeline/Pipeline.php(137): Illuminate\\Pipeline\\Pipeline->Illuminate\\Pipeline\\{closure}(Object(Illuminate\\Http\\Request))
#64 /home/vol16_2/infinityfree.com/if0_42474986/htdocs/vendor/laravel/framework/src/Illuminate/Foundation/Http/Kernel.php(175): Illuminate\\Pipeline\\Pipeline->then(Object(Closure))
#65 /home/vol16_2/infinityfree.com/if0_42474986/htdocs/vendor/laravel/framework/src/Illuminate/Foundation/Http/Kernel.php(144): Illuminate\\Foundation\\Http\\Kernel->sendRequestThroughRouter(Object(Illuminate\\Http\\Request))
#66 /home/vol16_2/infinityfree.com/if0_42474986/htdocs/in.php(18): Illuminate\\Foundation\\Http\\Kernel->handle(Object(Illuminate\\Http\\Request))
#67 {main}
"} 
[2026-07-23 11:00:10] production.ERROR: SQLSTATE[HY000] [2002] Connection refused (Connection: mysql, Host: sql213.infinityfree.com, Port: 3306, Database: if0_42474986_mindcare, SQL: select * from `users` where `id` = 5 and `users`.`deleted_at` is null limit 1) {"exception":"[object] (Illuminate\\Database\\QueryException(code: 2002): SQLSTATE[HY000] [2002] Connection refused (Connection: mysql, Host: sql213.infinityfree.com, Port: 3306, Database: if0_42474986_mindcare, SQL: select * from `users` where `id` = 5 and `users`.`deleted_at` is null limit 1) at /home/vol16_2/infinityfree.com/if0_42474986/htdocs/vendor/laravel/framework/src/Illuminate/Database/Connection.php:838)
[stacktrace]
#0 /home/vol16_2/infinityfree.com/if0_42474986/htdocs/vendor/laravel/framework/src/Illuminate/Database/Connection.php(999): Illuminate\\Database\\Connection->runQueryCallback('select * from `...', Array, Object(Closure))
#1 /home/vol16_2/infinityfree.com/if0_42474986/htdocs/vendor/laravel/framework/src/Illuminate/Database/Connection.php(978): Illuminate\\Database\\Connection->tryAgainIfCausedByLostConnection(Object(Illuminate\\Database\\QueryException), 'select * from `...', Array, Object(Closure))
#2 /home/vol16_2/infinityfree.com/if0_42474986/htdocs/vendor/laravel/framework/src/Illuminate/Database/Connection.php(796): Illuminate\\Database\\Connection->handleQueryException(Object(Illuminate\\Database\\QueryException), 'select * from `...', Array, Object(Closure))
#3 /home/vol16_2/infinityfree.com/if0_42474986/htdocs/vendor/laravel/framework/src/Illuminate/Database/Connection.php(411): Illuminate\\Database\\Connection->run('select * from `...', Array, Object(Closure))
#4 /home/vol16_2/infinityfree.com/if0_42474986/htdocs/vendor/laravel/framework/src/Illuminate/Database/Query/Builder.php(3505): Illuminate\\Database\\Connection->select('select * from `...', Array, true)
#5 /home/vol16_2/infinityfree.com/if0_42474986/htdocs/vendor/laravel/framework/src/Illuminate/Database/Query/Builder.php(3490): Illuminate\\Database\\Query\\Builder->runSelect()
#6 /home/vol16_2/infinityfree.com/if0_42474986/htdocs/vendor/laravel/framework/src/Illuminate/Database/Query/Builder.php(4080): Illuminate\\Database\\Query\\Builder->Illuminate\\Database\\Query\\{closure}()
#7 /home/vol16_2/infinityfree.com/if0_42474986/htdocs/vendor/laravel/framework/src/Illuminate/Database/Query/Builder.php(3489): Illuminate\\Database\\Query\\Builder->onceWithColumns(Array, Object(Closure))
#8 /home/vol16_2/infinityfree.com/if0_42474986/htdocs/vendor/laravel/framework/src/Illuminate/Database/Eloquent/Builder.php(902): Illuminate\\Database\\Query\\Builder->get(Array)
#9 /home/vol16_2/infinityfree.com/if0_42474986/htdocs/vendor/laravel/framework/src/Illuminate/Database/Eloquent/Builder.php(884): Illuminate\\Database\\Eloquent\\Builder->getModels(Array)
#10 /home/vol16_2/infinityfree.com/if0_42474986/htdocs/vendor/laravel/framework/src/Illuminate/Database/Concerns/BuildsQueries.php(366): Illuminate\\Database\\Eloquent\\Builder->get(Array)
#11 /home/vol16_2/infinityfree.com/if0_42474986/htdocs/vendor/laravel/framework/src/Illuminate/Auth/EloquentUserProvider.php(58): Illuminate\\Database\\Eloquent\\Builder->first()
#12 /home/vol16_2/infinityfree.com/if0_42474986/htdocs/vendor/laravel/framework/src/Illuminate/Auth/SessionGuard.php(189): Illuminate\\Auth\\EloquentUserProvider->retrieveById(5)
#13 /home/vol16_2/infinityfree.com/if0_42474986/htdocs/vendor/laravel/framework/src/Illuminate/Auth/GuardHelpers.php(56): Illuminate\\Auth\\SessionGuard->user()
#14 /home/vol16_2/infinityfree.com/if0_42474986/htdocs/vendor/laravel/framework/src/Illuminate/Auth/Middleware/Authenticate.php(82): Illuminate\\Auth\\SessionGuard->check()
#15 /home/vol16_2/infinityfree.com/if0_42474986/htdocs/vendor/laravel/framework/src/Illuminate/Auth/Middleware/Authenticate.php(61): Illuminate\\Auth\\Middleware\\Authenticate->authenticate(Object(Illuminate\\Http\\Request), Array)
#16 /home/vol16_2/infinityfree.com/if0_42474986/htdocs/vendor/laravel/framework/src/Illuminate/Pipeline/Pipeline.php(219): Illuminate\\Auth\\Middleware\\Authenticate->handle(Object(Illuminate\\Http\\Request), Object(Closure))
#17 /home/vol16_2/infinityfree.com/if0_42474986/htdocs/vendor/laravel/framework/src/Illuminate/Foundation/Http/Middleware/VerifyCsrfToken.php(87): Illuminate\\Pipeline\\Pipeline->Illuminate\\Pipeline\\{closure}(Object(Illuminate\\Http\\Request))
#18 /home/vol16_2/infinityfree.com/if0_42474986/htdocs/vendor/laravel/framework/src/Illuminate/Pipeline/Pipeline.php(219): Illuminate\\Foundation\\Http\\Middleware\\VerifyCsrfToken->handle(Object(Illuminate\\Http\\Request), Object(Closure))
#19 /home/vol16_2/infinityfree.com/if0_42474986/htdocs/vendor/laravel/framework/src/Illuminate/View/Middleware/ShareErrorsFromSession.php(48): Illuminate\\Pipeline\\Pipeline->Illuminate\\Pipeline\\{closure}(Object(Illuminate\\Http\\Request))
#20 /home/vol16_2/infinityfree.com/if0_42474986/htdocs/vendor/laravel/framework/src/Illuminate/Pipeline/Pipeline.php(219): Illuminate\\View\\Middleware\\ShareErrorsFromSession->handle(Object(Illuminate\\Http\\Request), Object(Closure))
#21 /home/vol16_2/infinityfree.com/if0_42474986/htdocs/vendor/laravel/framework/src/Illuminate/Session/Middleware/StartSession.php(120): Illuminate\\Pipeline\\Pipeline->Illuminate\\Pipeline\\{closure}(Object(Illuminate\\Http\\Request))
#22 /home/vol16_2/infinityfree.com/if0_42474986/htdocs/vendor/laravel/framework/src/Illuminate/Session/Middleware/StartSession.php(63): Illuminate\\Session\\Middleware\\StartSession->handleStatefulRequest(Object(Illuminate\\Http\\Request), Object(Illuminate\\Session\\Store), Object(Closure))
#23 /home/vol16_2/infinityfree.com/if0_42474986/htdocs/vendor/laravel/framework/src/Illuminate/Pipeline/Pipeline.php(219): Illuminate\\Session\\Middleware\\StartSession->handle(Object(Illuminate\\Http\\Request), Object(Closure))
#24 /home/vol16_2/infinityfree.com/if0_42474986/htdocs/vendor/laravel/framework/src/Illuminate/Cookie/Middleware/AddQueuedCookiesToResponse.php(36): Illuminate\\Pipeline\\Pipeline->Illuminate\\Pipeline\\{closure}(Object(Illuminate\\Http\\Request))
#25 /home/vol16_2/infinityfree.com/if0_42474986/htdocs/vendor/laravel/framework/src/Illuminate/Pipeline/Pipeline.php(219): Illuminate\\Cookie\\Middleware\\AddQueuedCookiesToResponse->handle(Object(Illuminate\\Http\\Request), Object(Closure))
#26 /home/vol16_2/infinityfree.com/if0_42474986/htdocs/vendor/laravel/framework/src/Illuminate/Cookie/Middleware/EncryptCookies.php(74): Illuminate\\Pipeline\\Pipeline->Illuminate\\Pipeline\\{closure}(Object(Illuminate\\Http\\Request))
#27 /home/vol16_2/infinityfree.com/if0_42474986/htdocs/vendor/laravel/framework/src/Illuminate/Pipeline/Pipeline.php(219): Illuminate\\Cookie\\Middleware\\EncryptCookies->handle(Object(Illuminate\\Http\\Request), Object(Closure))
#28 /home/vol16_2/infinityfree.com/if0_42474986/htdocs/vendor/laravel/framework/src/Illuminate/Pipeline/Pipeline.php(137): Illuminate\\Pipeline\\Pipeline->Illuminate\\Pipeline\\{closure}(Object(Illuminate\\Http\\Request))
#29 /home/vol16_2/infinityfree.com/if0_42474986/htdocs/vendor/laravel/framework/src/Illuminate/Routing/Router.php(821): Illuminate\\Pipeline\\Pipeline->then(Object(Closure))
#30 /home/vol16_2/infinityfree.com/if0_42474986/htdocs/vendor/laravel/framework/src/Illuminate/Routing/Router.php(800): Illuminate\\Routing\\Router->runRouteWithinStack(Object(Illuminate\\Routing\\Route), Object(Illuminate\\Http\\Request))
#31 /home/vol16_2/infinityfree.com/if0_42474986/htdocs/vendor/laravel/framework/src/Illuminate/Routing/Router.php(764): Illuminate\\Routing\\Router->runRoute(Object(Illuminate\\Http\\Request), Object(Illuminate\\Routing\\Route))
#32 /home/vol16_2/infinityfree.com/if0_42474986/htdocs/vendor/laravel/framework/src/Illuminate/Routing/Router.php(753): Illuminate\\Routing\\Router->dispatchToRoute(Object(Illuminate\\Http\\Request))
#33 /home/vol16_2/infinityfree.com/if0_42474986/htdocs/vendor/laravel/framework/src/Illuminate/Foundation/Http/Kernel.php(200): Illuminate\\Routing\\Router->dispatch(Object(Illuminate\\Http\\Request))
#34 /home/vol16_2/infinityfree.com/if0_42474986/htdocs/vendor/laravel/framework/src/Illuminate/Pipeline/Pipeline.php(180): Illuminate\\Foundation\\Http\\Kernel->Illuminate\\Foundation\\Http\\{closure}(Object(Illuminate\\Http\\Request))
#35 /home/vol16_2/infinityfree.com/if0_42474986/htdocs/vendor/laravel/framework/src/Illuminate/Foundation/Http/Middleware/TransformsRequest.php(21): Illuminate\\Pipeline\\Pipeline->Illuminate\\Pipeline\\{closure}(Object(Illuminate\\Http\\Request))
#36 /home/vol16_2/infinityfree.com/if0_42474986/htdocs/vendor/laravel/framework/src/Illuminate/Foundation/Http/Middleware/ConvertEmptyStringsToNull.php(31): Illuminate\\Foundation\\Http\\Middleware\\TransformsRequest->handle(Object(Illuminate\\Http\\Request), Object(Closure))
#37 /home/vol16_2/infinityfree.com/if0_42474986/htdocs/vendor/laravel/framework/src/Illuminate/Pipeline/Pipeline.php(219): Illuminate\\Foundation\\Http\\Middleware\\ConvertEmptyStringsToNull->handle(Object(Illuminate\\Http\\Request), Object(Closure))
#38 /home/vol16_2/infinityfree.com/if0_42474986/htdocs/vendor/laravel/framework/src/Illuminate/Foundation/Http/Middleware/TransformsRequest.php(21): Illuminate\\Pipeline\\Pipeline->Illuminate\\Pipeline\\{closure}(Object(Illuminate\\Http\\Request))
#39 /home/vol16_2/infinityfree.com/if0_42474986/htdocs/vendor/laravel/framework/src/Illuminate/Foundation/Http/Middleware/TrimStrings.php(51): Illuminate\\Foundation\\Http\\Middleware\\TransformsRequest->handle(Object(Illuminate\\Http\\Request), Object(Closure))
#40 /home/vol16_2/infinityfree.com/if0_42474986/htdocs/vendor/laravel/framework/src/Illuminate/Pipeline/Pipeline.php(219): Illuminate\\Foundation\\Http\\Middleware\\TrimStrings->handle(Object(Illuminate\\Http\\Request), Object(Closure))
#41 /home/vol16_2/infinityfree.com/if0_42474986/htdocs/vendor/laravel/framework/src/Illuminate/Http/Middleware/ValidatePostSize.php(27): Illuminate\\Pipeline\\Pipeline->Illuminate\\Pipeline\\{closure}(Object(Illuminate\\Http\\Request))
#42 /home/vol16_2/infinityfree.com/if0_42474986/htdocs/vendor/laravel/framework/src/Illuminate/Pipeline/Pipeline.php(219): Illuminate\\Http\\Middleware\\ValidatePostSize->handle(Object(Illuminate\\Http\\Request), Object(Closure))
#43 /home/vol16_2/infinityfree.com/if0_42474986/htdocs/vendor/laravel/framework/src/Illuminate/Foundation/Http/Middleware/PreventRequestsDuringMaintenance.php(109): Illuminate\\Pipeline\\Pipeline->Illuminate\\Pipeline\\{closure}(Object(Illuminate\\Http\\Request))
#44 /home/vol16_2/infinityfree.com/if0_42474986/htdocs/vendor/laravel/framework/src/Illuminate/Pipeline/Pipeline.php(219): Illuminate\\Foundation\\Http\\Middleware\\PreventRequestsDuringMaintenance->handle(Object(Illuminate\\Http\\Request), Object(Closure))
#45 /home/vol16_2/infinityfree.com/if0_42474986/htdocs/vendor/laravel/framework/src/Illuminate/Http/Middleware/HandleCors.php(61): Illuminate\\Pipeline\\Pipeline->Illuminate\\Pipeline\\{closure}(Object(Illuminate\\Http\\Request))
#46 /home/vol16_2/infinityfree.com/if0_42474986/htdocs/vendor/laravel/framework/src/Illuminate/Pipeline/Pipeline.php(219): Illuminate\\Http\\Middleware\\HandleCors->handle(Object(Illuminate\\Http\\Request), Object(Closure))
#47 /home/vol16_2/infinityfree.com/if0_42474986/htdocs/vendor/laravel/framework/src/Illuminate/Http/Middleware/TrustProxies.php(58): Illuminate\\Pipeline\\Pipeline->Illuminate\\Pipeline\\{closure}(Object(Illuminate\\Http\\Request))
#48 /home/vol16_2/infinityfree.com/if0_42474986/htdocs/vendor/laravel/framework/src/Illuminate/Pipeline/Pipeline.php(219): Illuminate\\Http\\Middleware\\TrustProxies->handle(Object(Illuminate\\Http\\Request), Object(Closure))
#49 /home/vol16_2/infinityfree.com/if0_42474986/htdocs/vendor/laravel/framework/src/Illuminate/Foundation/Http/Middleware/InvokeDeferredCallbacks.php(22): Illuminate\\Pipeline\\Pipeline->Illuminate\\Pipeline\\{closure}(Object(Illuminate\\Http\\Request))
#50 /home/vol16_2/infinityfree.com/if0_42474986/htdocs/vendor/laravel/framework/src/Illuminate/Pipeline/Pipeline.php(219): Illuminate\\Foundation\\Http\\Middleware\\InvokeDeferredCallbacks->handle(Object(Illuminate\\Http\\Request), Object(Closure))
#51 /home/vol16_2/infinityfree.com/if0_42474986/htdocs/vendor/laravel/framework/src/Illuminate/Http/Middleware/ValidatePathEncoding.php(26): Illuminate\\Pipeline\\Pipeline->Illuminate\\Pipeline\\{closure}(Object(Illuminate\\Http\\Request))
#52 /home/vol16_2/infinityfree.com/if0_42474986/htdocs/vendor/laravel/framework/src/Illuminate/Pipeline/Pipeline.php(219): Illuminate\\Http\\Middleware\\ValidatePathEncoding->handle(Object(Illuminate\\Http\\Request), Object(Closure))
#53 /home/vol16_2/infinityfree.com/if0_42474986/htdocs/vendor/laravel/framework/src/Illuminate/Pipeline/Pipeline.php(137): Illuminate\\Pipeline\\Pipeline->Illuminate\\Pipeline\\{closure}(Object(Illuminate\\Http\\Request))
#54 /home/vol16_2/infinityfree.com/if0_42474986/htdocs/vendor/laravel/framework/src/Illuminate/Foundation/Http/Kernel.php(175): Illuminate\\Pipeline\\Pipeline->then(Object(Closure))
#55 /home/vol16_2/infinityfree.com/if0_42474986/htdocs/vendor/laravel/framework/src/Illuminate/Foundation/Http/Kernel.php(144): Illuminate\\Foundation\\Http\\Kernel->sendRequestThroughRouter(Object(Illuminate\\Http\\Request))
#56 /home/vol16_2/infinityfree.com/if0_42474986/htdocs/index.php(6): Illuminate\\Foundation\\Http\\Kernel->handle(Object(Illuminate\\Http\\Request))
#57 {main}

[previous exception] [object] (PDOException(code: 2002): SQLSTATE[HY000] [2002] Connection refused at /home/vol16_2/infinityfree.com/if0_42474986/htdocs/vendor/laravel/framework/src/Illuminate/Database/Connectors/Connector.php:66)
[stacktrace]
#0 /home/vol16_2/infinityfree.com/if0_42474986/htdocs/vendor/laravel/framework/src/Illuminate/Database/Connectors/Connector.php(66): PDO->__construct('mysql:host=sql2...', 'if0_42474986', Object(SensitiveParameterValue), Array)
#1 /home/vol16_2/infinityfree.com/if0_42474986/htdocs/vendor/laravel/framework/src/Illuminate/Database/Connectors/Connector.php(85): Illuminate\\Database\\Connectors\\Connector->createPdoConnection('mysql:host=sql2...', 'if0_42474986', Object(SensitiveParameterValue), Array)
#2 /home/vol16_2/infinityfree.com/if0_42474986/htdocs/vendor/laravel/framework/src/Illuminate/Database/Connectors/Connector.php(48): Illuminate\\Database\\Connectors\\Connector->tryAgainIfCausedByLostConnection(Object(PDOException), 'mysql:host=sql2...', 'if0_42474986', Object(SensitiveParameterValue), Array)
#3 /home/vol16_2/infinityfree.com/if0_42474986/htdocs/vendor/laravel/framework/src/Illuminate/Database/Connectors/MySqlConnector.php(24): Illuminate\\Database\\Connectors\\Connector->createConnection('mysql:host=sql2...', Array, Array)
#4 /home/vol16_2/infinityfree.com/if0_42474986/htdocs/vendor/laravel/framework/src/Illuminate/Database/Connectors/ConnectionFactory.php(186): Illuminate\\Database\\Connectors\\MySqlConnector->connect(Array)
#5 [internal function]: Illuminate\\Database\\Connectors\\ConnectionFactory->Illuminate\\Database\\Connectors\\{closure}()
#6 /home/vol16_2/infinityfree.com/if0_42474986/htdocs/vendor/laravel/framework/src/Illuminate/Database/Connection.php(1257): call_user_func(Object(Closure))
#7 /home/vol16_2/infinityfree.com/if0_42474986/htdocs/vendor/laravel/framework/src/Illuminate/Database/Connection.php(1295): Illuminate\\Database\\Connection->getPdo()
#8 /home/vol16_2/infinityfree.com/if0_42474986/htdocs/vendor/laravel/framework/src/Illuminate/Database/Connection.php(525): Illuminate\\Database\\Connection->getReadPdo()
#9 /home/vol16_2/infinityfree.com/if0_42474986/htdocs/vendor/laravel/framework/src/Illuminate/Database/Connection.php(420): Illuminate\\Database\\Connection->getPdoForSelect(true)
#10 /home/vol16_2/infinityfree.com/if0_42474986/htdocs/vendor/laravel/framework/src/Illuminate/Database/Connection.php(827): Illuminate\\Database\\Connection->Illuminate\\Database\\{closure}('select * from `...', Array)
#11 /home/vol16_2/infinityfree.com/if0_42474986/htdocs/vendor/laravel/framework/src/Illuminate/Database/Connection.php(999): Illuminate\\Database\\Connection->runQueryCallback('select * from `...', Array, Object(Closure))
#12 /home/vol16_2/infinityfree.com/if0_42474986/htdocs/vendor/laravel/framework/src/Illuminate/Database/Connection.php(978): Illuminate\\Database\\Connection->tryAgainIfCausedByLostConnection(Object(Illuminate\\Database\\QueryException), 'select * from `...', Array, Object(Closure))
#13 /home/vol16_2/infinityfree.com/if0_42474986/htdocs/vendor/laravel/framework/src/Illuminate/Database/Connection.php(796): Illuminate\\Database\\Connection->handleQueryException(Object(Illuminate\\Database\\QueryException), 'select * from `...', Array, Object(Closure))
#14 /home/vol16_2/infinityfree.com/if0_42474986/htdocs/vendor/laravel/framework/src/Illuminate/Database/Connection.php(411): Illuminate\\Database\\Connection->run('select * from `...', Array, Object(Closure))
#15 /home/vol16_2/infinityfree.com/if0_42474986/htdocs/vendor/laravel/framework/src/Illuminate/Database/Query/Builder.php(3505): Illuminate\\Database\\Connection->select('select * from `...', Array, true)
#16 /home/vol16_2/infinityfree.com/if0_42474986/htdocs/vendor/laravel/framework/src/Illuminate/Database/Query/Builder.php(3490): Illuminate\\Database\\Query\\Builder->runSelect()
#17 /home/vol16_2/infinityfree.com/if0_42474986/htdocs/vendor/laravel/framework/src/Illuminate/Database/Query/Builder.php(4080): Illuminate\\Database\\Query\\Builder->Illuminate\\Database\\Query\\{closure}()
#18 /home/vol16_2/infinityfree.com/if0_42474986/htdocs/vendor/laravel/framework/src/Illuminate/Database/Query/Builder.php(3489): Illuminate\\Database\\Query\\Builder->onceWithColumns(Array, Object(Closure))
#19 /home/vol16_2/infinityfree.com/if0_42474986/htdocs/vendor/laravel/framework/src/Illuminate/Database/Eloquent/Builder.php(902): Illuminate\\Database\\Query\\Builder->get(Array)
#20 /home/vol16_2/infinityfree.com/if0_42474986/htdocs/vendor/laravel/framework/src/Illuminate/Database/Eloquent/Builder.php(884): Illuminate\\Database\\Eloquent\\Builder->getModels(Array)
#21 /home/vol16_2/infinityfree.com/if0_42474986/htdocs/vendor/laravel/framework/src/Illuminate/Database/Concerns/BuildsQueries.php(366): Illuminate\\Database\\Eloquent\\Builder->get(Array)
#22 /home/vol16_2/infinityfree.com/if0_42474986/htdocs/vendor/laravel/framework/src/Illuminate/Auth/EloquentUserProvider.php(58): Illuminate\\Database\\Eloquent\\Builder->first()
#23 /home/vol16_2/infinityfree.com/if0_42474986/htdocs/vendor/laravel/framework/src/Illuminate/Auth/SessionGuard.php(189): Illuminate\\Auth\\EloquentUserProvider->retrieveById(5)
#24 /home/vol16_2/infinityfree.com/if0_42474986/htdocs/vendor/laravel/framework/src/Illuminate/Auth/GuardHelpers.php(56): Illuminate\\Auth\\SessionGuard->user()
#25 /home/vol16_2/infinityfree.com/if0_42474986/htdocs/vendor/laravel/framework/src/Illuminate/Auth/Middleware/Authenticate.php(82): Illuminate\\Auth\\SessionGuard->check()
#26 /home/vol16_2/infinityfree.com/if0_42474986/htdocs/vendor/laravel/framework/src/Illuminate/Auth/Middleware/Authenticate.php(61): Illuminate\\Auth\\Middleware\\Authenticate->authenticate(Object(Illuminate\\Http\\Request), Array)
#27 /home/vol16_2/infinityfree.com/if0_42474986/htdocs/vendor/laravel/framework/src/Illuminate/Pipeline/Pipeline.php(219): Illuminate\\Auth\\Middleware\\Authenticate->handle(Object(Illuminate\\Http\\Request), Object(Closure))
#28 /home/vol16_2/infinityfree.com/if0_42474986/htdocs/vendor/laravel/framework/src/Illuminate/Foundation/Http/Middleware/VerifyCsrfToken.php(87): Illuminate\\Pipeline\\Pipeline->Illuminate\\Pipeline\\{closure}(Object(Illuminate\\Http\\Request))
#29 /home/vol16_2/infinityfree.com/if0_42474986/htdocs/vendor/laravel/framework/src/Illuminate/Pipeline/Pipeline.php(219): Illuminate\\Foundation\\Http\\Middleware\\VerifyCsrfToken->handle(Object(Illuminate\\Http\\Request), Object(Closure))
#30 /home/vol16_2/infinityfree.com/if0_42474986/htdocs/vendor/laravel/framework/src/Illuminate/View/Middleware/ShareErrorsFromSession.php(48): Illuminate\\Pipeline\\Pipeline->Illuminate\\Pipeline\\{closure}(Object(Illuminate\\Http\\Request))
#31 /home/vol16_2/infinityfree.com/if0_42474986/htdocs/vendor/laravel/framework/src/Illuminate/Pipeline/Pipeline.php(219): Illuminate\\View\\Middleware\\ShareErrorsFromSession->handle(Object(Illuminate\\Http\\Request), Object(Closure))
#32 /home/vol16_2/infinityfree.com/if0_42474986/htdocs/vendor/laravel/framework/src/Illuminate/Session/Middleware/StartSession.php(120): Illuminate\\Pipeline\\Pipeline->Illuminate\\Pipeline\\{closure}(Object(Illuminate\\Http\\Request))
#33 /home/vol16_2/infinityfree.com/if0_42474986/htdocs/vendor/laravel/framework/src/Illuminate/Session/Middleware/StartSession.php(63): Illuminate\\Session\\Middleware\\StartSession->handleStatefulRequest(Object(Illuminate\\Http\\Request), Object(Illuminate\\Session\\Store), Object(Closure))
#34 /home/vol16_2/infinityfree.com/if0_42474986/htdocs/vendor/laravel/framework/src/Illuminate/Pipeline/Pipeline.php(219): Illuminate\\Session\\Middleware\\StartSession->handle(Object(Illuminate\\Http\\Request), Object(Closure))
#35 /home/vol16_2/infinityfree.com/if0_42474986/htdocs/vendor/laravel/framework/src/Illuminate/Cookie/Middleware/AddQueuedCookiesToResponse.php(36): Illuminate\\Pipeline\\Pipeline->Illuminate\\Pipeline\\{closure}(Object(Illuminate\\Http\\Request))
#36 /home/vol16_2/infinityfree.com/if0_42474986/htdocs/vendor/laravel/framework/src/Illuminate/Pipeline/Pipeline.php(219): Illuminate\\Cookie\\Middleware\\AddQueuedCookiesToResponse->handle(Object(Illuminate\\Http\\Request), Object(Closure))
#37 /home/vol16_2/infinityfree.com/if0_42474986/htdocs/vendor/laravel/framework/src/Illuminate/Cookie/Middleware/EncryptCookies.php(74): Illuminate\\Pipeline\\Pipeline->Illuminate\\Pipeline\\{closure}(Object(Illuminate\\Http\\Request))
#38 /home/vol16_2/infinityfree.com/if0_42474986/htdocs/vendor/laravel/framework/src/Illuminate/Pipeline/Pipeline.php(219): Illuminate\\Cookie\\Middleware\\EncryptCookies->handle(Object(Illuminate\\Http\\Request), Object(Closure))
#39 /home/vol16_2/infinityfree.com/if0_42474986/htdocs/vendor/laravel/framework/src/Illuminate/Pipeline/Pipeline.php(137): Illuminate\\Pipeline\\Pipeline->Illuminate\\Pipeline\\{closure}(Object(Illuminate\\Http\\Request))
#40 /home/vol16_2/infinityfree.com/if0_42474986/htdocs/vendor/laravel/framework/src/Illuminate/Routing/Router.php(821): Illuminate\\Pipeline\\Pipeline->then(Object(Closure))
#41 /home/vol16_2/infinityfree.com/if0_42474986/htdocs/vendor/laravel/framework/src/Illuminate/Routing/Router.php(800): Illuminate\\Routing\\Router->runRouteWithinStack(Object(Illuminate\\Routing\\Route), Object(Illuminate\\Http\\Request))
#42 /home/vol16_2/infinityfree.com/if0_42474986/htdocs/vendor/laravel/framework/src/Illuminate/Routing/Router.php(764): Illuminate\\Routing\\Router->runRoute(Object(Illuminate\\Http\\Request), Object(Illuminate\\Routing\\Route))
#43 /home/vol16_2/infinityfree.com/if0_42474986/htdocs/vendor/laravel/framework/src/Illuminate/Routing/Router.php(753): Illuminate\\Routing\\Router->dispatchToRoute(Object(Illuminate\\Http\\Request))
#44 /home/vol16_2/infinityfree.com/if0_42474986/htdocs/vendor/laravel/framework/src/Illuminate/Foundation/Http/Kernel.php(200): Illuminate\\Routing\\Router->dispatch(Object(Illuminate\\Http\\Request))
#45 /home/vol16_2/infinityfree.com/if0_42474986/htdocs/vendor/laravel/framework/src/Illuminate/Pipeline/Pipeline.php(180): Illuminate\\Foundation\\Http\\Kernel->Illuminate\\Foundation\\Http\\{closure}(Object(Illuminate\\Http\\Request))
#46 /home/vol16_2/infinityfree.com/if0_42474986/htdocs/vendor/laravel/framework/src/Illuminate/Foundation/Http/Middleware/TransformsRequest.php(21): Illuminate\\Pipeline\\Pipeline->Illuminate\\Pipeline\\{closure}(Object(Illuminate\\Http\\Request))
#47 /home/vol16_2/infinityfree.com/if0_42474986/htdocs/vendor/laravel/framework/src/Illuminate/Foundation/Http/Middleware/ConvertEmptyStringsToNull.php(31): Illuminate\\Foundation\\Http\\Middleware\\TransformsRequest->handle(Object(Illuminate\\Http\\Request), Object(Closure))
#48 /home/vol16_2/infinityfree.com/if0_42474986/htdocs/vendor/laravel/framework/src/Illuminate/Pipeline/Pipeline.php(219): Illuminate\\Foundation\\Http\\Middleware\\ConvertEmptyStringsToNull->handle(Object(Illuminate\\Http\\Request), Object(Closure))
#49 /home/vol16_2/infinityfree.com/if0_42474986/htdocs/vendor/laravel/framework/src/Illuminate/Foundation/Http/Middleware/TransformsRequest.php(21): Illuminate\\Pipeline\\Pipeline->Illuminate\\Pipeline\\{closure}(Object(Illuminate\\Http\\Request))
#50 /home/vol16_2/infinityfree.com/if0_42474986/htdocs/vendor/laravel/framework/src/Illuminate/Foundation/Http/Middleware/TrimStrings.php(51): Illuminate\\Foundation\\Http\\Middleware\\TransformsRequest->handle(Object(Illuminate\\Http\\Request), Object(Closure))
#51 /home/vol16_2/infinityfree.com/if0_42474986/htdocs/vendor/laravel/framework/src/Illuminate/Pipeline/Pipeline.php(219): Illuminate\\Foundation\\Http\\Middleware\\TrimStrings->handle(Object(Illuminate\\Http\\Request), Object(Closure))
#52 /home/vol16_2/infinityfree.com/if0_42474986/htdocs/vendor/laravel/framework/src/Illuminate/Http/Middleware/ValidatePostSize.php(27): Illuminate\\Pipeline\\Pipeline->Illuminate\\Pipeline\\{closure}(Object(Illuminate\\Http\\Request))
#53 /home/vol16_2/infinityfree.com/if0_42474986/htdocs/vendor/laravel/framework/src/Illuminate/Pipeline/Pipeline.php(219): Illuminate\\Http\\Middleware\\ValidatePostSize->handle(Object(Illuminate\\Http\\Request), Object(Closure))
#54 /home/vol16_2/infinityfree.com/if0_42474986/htdocs/vendor/laravel/framework/src/Illuminate/Foundation/Http/Middleware/PreventRequestsDuringMaintenance.php(109): Illuminate\\Pipeline\\Pipeline->Illuminate\\Pipeline\\{closure}(Object(Illuminate\\Http\\Request))
#55 /home/vol16_2/infinityfree.com/if0_42474986/htdocs/vendor/laravel/framework/src/Illuminate/Pipeline/Pipeline.php(219): Illuminate\\Foundation\\Http\\Middleware\\PreventRequestsDuringMaintenance->handle(Object(Illuminate\\Http\\Request), Object(Closure))
#56 /home/vol16_2/infinityfree.com/if0_42474986/htdocs/vendor/laravel/framework/src/Illuminate/Http/Middleware/HandleCors.php(61): Illuminate\\Pipeline\\Pipeline->Illuminate\\Pipeline\\{closure}(Object(Illuminate\\Http\\Request))
#57 /home/vol16_2/infinityfree.com/if0_42474986/htdocs/vendor/laravel/framework/src/Illuminate/Pipeline/Pipeline.php(219): Illuminate\\Http\\Middleware\\HandleCors->handle(Object(Illuminate\\Http\\Request), Object(Closure))
#58 /home/vol16_2/infinityfree.com/if0_42474986/htdocs/vendor/laravel/framework/src/Illuminate/Http/Middleware/TrustProxies.php(58): Illuminate\\Pipeline\\Pipeline->Illuminate\\Pipeline\\{closure}(Object(Illuminate\\Http\\Request))
#59 /home/vol16_2/infinityfree.com/if0_42474986/htdocs/vendor/laravel/framework/src/Illuminate/Pipeline/Pipeline.php(219): Illuminate\\Http\\Middleware\\TrustProxies->handle(Object(Illuminate\\Http\\Request), Object(Closure))
#60 /home/vol16_2/infinityfree.com/if0_42474986/htdocs/vendor/laravel/framework/src/Illuminate/Foundation/Http/Middleware/InvokeDeferredCallbacks.php(22): Illuminate\\Pipeline\\Pipeline->Illuminate\\Pipeline\\{closure}(Object(Illuminate\\Http\\Request))
#61 /home/vol16_2/infinityfree.com/if0_42474986/htdocs/vendor/laravel/framework/src/Illuminate/Pipeline/Pipeline.php(219): Illuminate\\Foundation\\Http\\Middleware\\InvokeDeferredCallbacks->handle(Object(Illuminate\\Http\\Request), Object(Closure))
#62 /home/vol16_2/infinityfree.com/if0_42474986/htdocs/vendor/laravel/framework/src/Illuminate/Http/Middleware/ValidatePathEncoding.php(26): Illuminate\\Pipeline\\Pipeline->Illuminate\\Pipeline\\{closure}(Object(Illuminate\\Http\\Request))
#63 /home/vol16_2/infinityfree.com/if0_42474986/htdocs/vendor/laravel/framework/src/Illuminate/Pipeline/Pipeline.php(219): Illuminate\\Http\\Middleware\\ValidatePathEncoding->handle(Object(Illuminate\\Http\\Request), Object(Closure))
#64 /home/vol16_2/infinityfree.com/if0_42474986/htdocs/vendor/laravel/framework/src/Illuminate/Pipeline/Pipeline.php(137): Illuminate\\Pipeline\\Pipeline->Illuminate\\Pipeline\\{closure}(Object(Illuminate\\Http\\Request))
#65 /home/vol16_2/infinityfree.com/if0_42474986/htdocs/vendor/laravel/framework/src/Illuminate/Foundation/Http/Kernel.php(175): Illuminate\\Pipeline\\Pipeline->then(Object(Closure))
#66 /home/vol16_2/infinityfree.com/if0_42474986/htdocs/vendor/laravel/framework/src/Illuminate/Foundation/Http/Kernel.php(144): Illuminate\\Foundation\\Http\\Kernel->sendRequestThroughRouter(Object(Illuminate\\Http\\Request))
#67 /home/vol16_2/infinityfree.com/if0_42474986/htdocs/index.php(6): Illuminate\\Foundation\\Http\\Kernel->handle(Object(Illuminate\\Http\\Request))
#68 {main}
"} 
[2026-07-25 11:00:08] production.ERROR: SQLSTATE[HY000] [2002] Connection refused (Connection: mysql, Host: sql213.infinityfree.com, Port: 3306, Database: if0_42474986_mindcare, SQL: select * from `users` where `id` = 3 and `users`.`deleted_at` is null limit 1) {"exception":"[object] (Illuminate\\Database\\QueryException(code: 2002): SQLSTATE[HY000] [2002] Connection refused (Connection: mysql, Host: sql213.infinityfree.com, Port: 3306, Database: if0_42474986_mindcare, SQL: select * from `users` where `id` = 3 and `users`.`deleted_at` is null limit 1) at /home/vol16_2/infinityfree.com/if0_42474986/htdocs/vendor/laravel/framework/src/Illuminate/Database/Connection.php:838)
[stacktrace]
#0 /home/vol16_2/infinityfree.com/if0_42474986/htdocs/vendor/laravel/framework/src/Illuminate/Database/Connection.php(999): Illuminate\\Database\\Connection->runQueryCallback('select * from `...', Array, Object(Closure))
#1 /home/vol16_2/infinityfree.com/if0_42474986/htdocs/vendor/laravel/framework/src/Illuminate/Database/Connection.php(978): Illuminate\\Database\\Connection->tryAgainIfCausedByLostConnection(Object(Illuminate\\Database\\QueryException), 'select * from `...', Array, Object(Closure))
#2 /home/vol16_2/infinityfree.com/if0_42474986/htdocs/vendor/laravel/framework/src/Illuminate/Database/Connection.php(796): Illuminate\\Database\\Connection->handleQueryException(Object(Illuminate\\Database\\QueryException), 'select * from `...', Array, Object(Closure))
#3 /home/vol16_2/infinityfree.com/if0_42474986/htdocs/vendor/laravel/framework/src/Illuminate/Database/Connection.php(411): Illuminate\\Database\\Connection->run('select * from `...', Array, Object(Closure))
#4 /home/vol16_2/infinityfree.com/if0_42474986/htdocs/vendor/laravel/framework/src/Illuminate/Database/Query/Builder.php(3505): Illuminate\\Database\\Connection->select('select * from `...', Array, true)
#5 /home/vol16_2/infinityfree.com/if0_42474986/htdocs/vendor/laravel/framework/src/Illuminate/Database/Query/Builder.php(3490): Illuminate\\Database\\Query\\Builder->runSelect()
#6 /home/vol16_2/infinityfree.com/if0_42474986/htdocs/vendor/laravel/framework/src/Illuminate/Database/Query/Builder.php(4080): Illuminate\\Database\\Query\\Builder->Illuminate\\Database\\Query\\{closure}()
#7 /home/vol16_2/infinityfree.com/if0_42474986/htdocs/vendor/laravel/framework/src/Illuminate/Database/Query/Builder.php(3489): Illuminate\\Database\\Query\\Builder->onceWithColumns(Array, Object(Closure))
#8 /home/vol16_2/infinityfree.com/if0_42474986/htdocs/vendor/laravel/framework/src/Illuminate/Database/Eloquent/Builder.php(902): Illuminate\\Database\\Query\\Builder->get(Array)
#9 /home/vol16_2/infinityfree.com/if0_42474986/htdocs/vendor/laravel/framework/src/Illuminate/Database/Eloquent/Builder.php(884): Illuminate\\Database\\Eloquent\\Builder->getModels(Array)
#10 /home/vol16_2/infinityfree.com/if0_42474986/htdocs/vendor/laravel/framework/src/Illuminate/Database/Concerns/BuildsQueries.php(366): Illuminate\\Database\\Eloquent\\Builder->get(Array)
#11 /home/vol16_2/infinityfree.com/if0_42474986/htdocs/vendor/laravel/framework/src/Illuminate/Auth/EloquentUserProvider.php(58): Illuminate\\Database\\Eloquent\\Builder->first()
#12 /home/vol16_2/infinityfree.com/if0_42474986/htdocs/vendor/laravel/framework/src/Illuminate/Auth/SessionGuard.php(189): Illuminate\\Auth\\EloquentUserProvider->retrieveById(3)
#13 /home/vol16_2/infinityfree.com/if0_42474986/htdocs/vendor/laravel/framework/src/Illuminate/Auth/GuardHelpers.php(56): Illuminate\\Auth\\SessionGuard->user()
#14 /home/vol16_2/infinityfree.com/if0_42474986/htdocs/vendor/laravel/framework/src/Illuminate/Auth/Middleware/Authenticate.php(82): Illuminate\\Auth\\SessionGuard->check()
#15 /home/vol16_2/infinityfree.com/if0_42474986/htdocs/vendor/laravel/framework/src/Illuminate/Auth/Middleware/Authenticate.php(61): Illuminate\\Auth\\Middleware\\Authenticate->authenticate(Object(Illuminate\\Http\\Request), Array)
#16 /home/vol16_2/infinityfree.com/if0_42474986/htdocs/vendor/laravel/framework/src/Illuminate/Pipeline/Pipeline.php(219): Illuminate\\Auth\\Middleware\\Authenticate->handle(Object(Illuminate\\Http\\Request), Object(Closure))
#17 /home/vol16_2/infinityfree.com/if0_42474986/htdocs/vendor/laravel/framework/src/Illuminate/Foundation/Http/Middleware/VerifyCsrfToken.php(87): Illuminate\\Pipeline\\Pipeline->Illuminate\\Pipeline\\{closure}(Object(Illuminate\\Http\\Request))
#18 /home/vol16_2/infinityfree.com/if0_42474986/htdocs/vendor/laravel/framework/src/Illuminate/Pipeline/Pipeline.php(219): Illuminate\\Foundation\\Http\\Middleware\\VerifyCsrfToken->handle(Object(Illuminate\\Http\\Request), Object(Closure))
#19 /home/vol16_2/infinityfree.com/if0_42474986/htdocs/vendor/laravel/framework/src/Illuminate/View/Middleware/ShareErrorsFromSession.php(48): Illuminate\\Pipeline\\Pipeline->Illuminate\\Pipeline\\{closure}(Object(Illuminate\\Http\\Request))
#20 /home/vol16_2/infinityfree.com/if0_42474986/htdocs/vendor/laravel/framework/src/Illuminate/Pipeline/Pipeline.php(219): Illuminate\\View\\Middleware\\ShareErrorsFromSession->handle(Object(Illuminate\\Http\\Request), Object(Closure))
#21 /home/vol16_2/infinityfree.com/if0_42474986/htdocs/vendor/laravel/framework/src/Illuminate/Session/Middleware/StartSession.php(120): Illuminate\\Pipeline\\Pipeline->Illuminate\\Pipeline\\{closure}(Object(Illuminate\\Http\\Request))
#22 /home/vol16_2/infinityfree.com/if0_42474986/htdocs/vendor/laravel/framework/src/Illuminate/Session/Middleware/StartSession.php(63): Illuminate\\Session\\Middleware\\StartSession->handleStatefulRequest(Object(Illuminate\\Http\\Request), Object(Illuminate\\Session\\Store), Object(Closure))
#23 /home/vol16_2/infinityfree.com/if0_42474986/htdocs/vendor/laravel/framework/src/Illuminate/Pipeline/Pipeline.php(219): Illuminate\\Session\\Middleware\\StartSession->handle(Object(Illuminate\\Http\\Request), Object(Closure))
#24 /home/vol16_2/infinityfree.com/if0_42474986/htdocs/vendor/laravel/framework/src/Illuminate/Cookie/Middleware/AddQueuedCookiesToResponse.php(36): Illuminate\\Pipeline\\Pipeline->Illuminate\\Pipeline\\{closure}(Object(Illuminate\\Http\\Request))
#25 /home/vol16_2/infinityfree.com/if0_42474986/htdocs/vendor/laravel/framework/src/Illuminate/Pipeline/Pipeline.php(219): Illuminate\\Cookie\\Middleware\\AddQueuedCookiesToResponse->handle(Object(Illuminate\\Http\\Request), Object(Closure))
#26 /home/vol16_2/infinityfree.com/if0_42474986/htdocs/vendor/laravel/framework/src/Illuminate/Cookie/Middleware/EncryptCookies.php(74): Illuminate\\Pipeline\\Pipeline->Illuminate\\Pipeline\\{closure}(Object(Illuminate\\Http\\Request))
#27 /home/vol16_2/infinityfree.com/if0_42474986/htdocs/vendor/laravel/framework/src/Illuminate/Pipeline/Pipeline.php(219): Illuminate\\Cookie\\Middleware\\EncryptCookies->handle(Object(Illuminate\\Http\\Request), Object(Closure))
#28 /home/vol16_2/infinityfree.com/if0_42474986/htdocs/vendor/laravel/framework/src/Illuminate/Pipeline/Pipeline.php(137): Illuminate\\Pipeline\\Pipeline->Illuminate\\Pipeline\\{closure}(Object(Illuminate\\Http\\Request))
#29 /home/vol16_2/infinityfree.com/if0_42474986/htdocs/vendor/laravel/framework/src/Illuminate/Routing/Router.php(821): Illuminate\\Pipeline\\Pipeline->then(Object(Closure))
#30 /home/vol16_2/infinityfree.com/if0_42474986/htdocs/vendor/laravel/framework/src/Illuminate/Routing/Router.php(800): Illuminate\\Routing\\Router->runRouteWithinStack(Object(Illuminate\\Routing\\Route), Object(Illuminate\\Http\\Request))
#31 /home/vol16_2/infinityfree.com/if0_42474986/htdocs/vendor/laravel/framework/src/Illuminate/Routing/Router.php(764): Illuminate\\Routing\\Router->runRoute(Object(Illuminate\\Http\\Request), Object(Illuminate\\Routing\\Route))
#32 /home/vol16_2/infinityfree.com/if0_42474986/htdocs/vendor/laravel/framework/src/Illuminate/Routing/Router.php(753): Illuminate\\Routing\\Router->dispatchToRoute(Object(Illuminate\\Http\\Request))
#33 /home/vol16_2/infinityfree.com/if0_42474986/htdocs/vendor/laravel/framework/src/Illuminate/Foundation/Http/Kernel.php(200): Illuminate\\Routing\\Router->dispatch(Object(Illuminate\\Http\\Request))
#34 /home/vol16_2/infinityfree.com/if0_42474986/htdocs/vendor/laravel/framework/src/Illuminate/Pipeline/Pipeline.php(180): Illuminate\\Foundation\\Http\\Kernel->Illuminate\\Foundation\\Http\\{closure}(Object(Illuminate\\Http\\Request))
#35 /home/vol16_2/infinityfree.com/if0_42474986/htdocs/vendor/laravel/framework/src/Illuminate/Foundation/Http/Middleware/TransformsRequest.php(21): Illuminate\\Pipeline\\Pipeline->Illuminate\\Pipeline\\{closure}(Object(Illuminate\\Http\\Request))
#36 /home/vol16_2/infinityfree.com/if0_42474986/htdocs/vendor/laravel/framework/src/Illuminate/Foundation/Http/Middleware/ConvertEmptyStringsToNull.php(31): Illuminate\\Foundation\\Http\\Middleware\\TransformsRequest->handle(Object(Illuminate\\Http\\Request), Object(Closure))
#37 /home/vol16_2/infinityfree.com/if0_42474986/htdocs/vendor/laravel/framework/src/Illuminate/Pipeline/Pipeline.php(219): Illuminate\\Foundation\\Http\\Middleware\\ConvertEmptyStringsToNull->handle(Object(Illuminate\\Http\\Request), Object(Closure))
#38 /home/vol16_2/infinityfree.com/if0_42474986/htdocs/vendor/laravel/framework/src/Illuminate/Foundation/Http/Middleware/TransformsRequest.php(21): Illuminate\\Pipeline\\Pipeline->Illuminate\\Pipeline\\{closure}(Object(Illuminate\\Http\\Request))
#39 /home/vol16_2/infinityfree.com/if0_42474986/htdocs/vendor/laravel/framework/src/Illuminate/Foundation/Http/Middleware/TrimStrings.php(51): Illuminate\\Foundation\\Http\\Middleware\\TransformsRequest->handle(Object(Illuminate\\Http\\Request), Object(Closure))
#40 /home/vol16_2/infinityfree.com/if0_42474986/htdocs/vendor/laravel/framework/src/Illuminate/Pipeline/Pipeline.php(219): Illuminate\\Foundation\\Http\\Middleware\\TrimStrings->handle(Object(Illuminate\\Http\\Request), Object(Closure))
#41 /home/vol16_2/infinityfree.com/if0_42474986/htdocs/vendor/laravel/framework/src/Illuminate/Http/Middleware/ValidatePostSize.php(27): Illuminate\\Pipeline\\Pipeline->Illuminate\\Pipeline\\{closure}(Object(Illuminate\\Http\\Request))
#42 /home/vol16_2/infinityfree.com/if0_42474986/htdocs/vendor/laravel/framework/src/Illuminate/Pipeline/Pipeline.php(219): Illuminate\\Http\\Middleware\\ValidatePostSize->handle(Object(Illuminate\\Http\\Request), Object(Closure))
#43 /home/vol16_2/infinityfree.com/if0_42474986/htdocs/vendor/laravel/framework/src/Illuminate/Foundation/Http/Middleware/PreventRequestsDuringMaintenance.php(109): Illuminate\\Pipeline\\Pipeline->Illuminate\\Pipeline\\{closure}(Object(Illuminate\\Http\\Request))
#44 /home/vol16_2/infinityfree.com/if0_42474986/htdocs/vendor/laravel/framework/src/Illuminate/Pipeline/Pipeline.php(219): Illuminate\\Foundation\\Http\\Middleware\\PreventRequestsDuringMaintenance->handle(Object(Illuminate\\Http\\Request), Object(Closure))
#45 /home/vol16_2/infinityfree.com/if0_42474986/htdocs/vendor/laravel/framework/src/Illuminate/Http/Middleware/HandleCors.php(61): Illuminate\\Pipeline\\Pipeline->Illuminate\\Pipeline\\{closure}(Object(Illuminate\\Http\\Request))
#46 /home/vol16_2/infinityfree.com/if0_42474986/htdocs/vendor/laravel/framework/src/Illuminate/Pipeline/Pipeline.php(219): Illuminate\\Http\\Middleware\\HandleCors->handle(Object(Illuminate\\Http\\Request), Object(Closure))
#47 /home/vol16_2/infinityfree.com/if0_42474986/htdocs/vendor/laravel/framework/src/Illuminate/Http/Middleware/TrustProxies.php(58): Illuminate\\Pipeline\\Pipeline->Illuminate\\Pipeline\\{closure}(Object(Illuminate\\Http\\Request))
#48 /home/vol16_2/infinityfree.com/if0_42474986/htdocs/vendor/laravel/framework/src/Illuminate/Pipeline/Pipeline.php(219): Illuminate\\Http\\Middleware\\TrustProxies->handle(Object(Illuminate\\Http\\Request), Object(Closure))
#49 /home/vol16_2/infinityfree.com/if0_42474986/htdocs/vendor/laravel/framework/src/Illuminate/Foundation/Http/Middleware/InvokeDeferredCallbacks.php(22): Illuminate\\Pipeline\\Pipeline->Illuminate\\Pipeline\\{closure}(Object(Illuminate\\Http\\Request))
#50 /home/vol16_2/infinityfree.com/if0_42474986/htdocs/vendor/laravel/framework/src/Illuminate/Pipeline/Pipeline.php(219): Illuminate\\Foundation\\Http\\Middleware\\InvokeDeferredCallbacks->handle(Object(Illuminate\\Http\\Request), Object(Closure))
#51 /home/vol16_2/infinityfree.com/if0_42474986/htdocs/vendor/laravel/framework/src/Illuminate/Http/Middleware/ValidatePathEncoding.php(26): Illuminate\\Pipeline\\Pipeline->Illuminate\\Pipeline\\{closure}(Object(Illuminate\\Http\\Request))
#52 /home/vol16_2/infinityfree.com/if0_42474986/htdocs/vendor/laravel/framework/src/Illuminate/Pipeline/Pipeline.php(219): Illuminate\\Http\\Middleware\\ValidatePathEncoding->handle(Object(Illuminate\\Http\\Request), Object(Closure))
#53 /home/vol16_2/infinityfree.com/if0_42474986/htdocs/vendor/laravel/framework/src/Illuminate/Pipeline/Pipeline.php(137): Illuminate\\Pipeline\\Pipeline->Illuminate\\Pipeline\\{closure}(Object(Illuminate\\Http\\Request))
#54 /home/vol16_2/infinityfree.com/if0_42474986/htdocs/vendor/laravel/framework/src/Illuminate/Foundation/Http/Kernel.php(175): Illuminate\\Pipeline\\Pipeline->then(Object(Closure))
#55 /home/vol16_2/infinityfree.com/if0_42474986/htdocs/vendor/laravel/framework/src/Illuminate/Foundation/Http/Kernel.php(144): Illuminate\\Foundation\\Http\\Kernel->sendRequestThroughRouter(Object(Illuminate\\Http\\Request))
#56 /home/vol16_2/infinityfree.com/if0_42474986/htdocs/index.php(6): Illuminate\\Foundation\\Http\\Kernel->handle(Object(Illuminate\\Http\\Request))
#57 {main}

[previous exception] [object] (PDOException(code: 2002): SQLSTATE[HY000] [2002] Connection refused at /home/vol16_2/infinityfree.com/if0_42474986/htdocs/vendor/laravel/framework/src/Illuminate/Database/Connectors/Connector.php:66)
[stacktrace]
#0 /home/vol16_2/infinityfree.com/if0_42474986/htdocs/vendor/laravel/framework/src/Illuminate/Database/Connectors/Connector.php(66): PDO->__construct('mysql:host=sql2...', 'if0_42474986', Object(SensitiveParameterValue), Array)
#1 /home/vol16_2/infinityfree.com/if0_42474986/htdocs/vendor/laravel/framework/src/Illuminate/Database/Connectors/Connector.php(85): Illuminate\\Database\\Connectors\\Connector->createPdoConnection('mysql:host=sql2...', 'if0_42474986', Object(SensitiveParameterValue), Array)
#2 /home/vol16_2/infinityfree.com/if0_42474986/htdocs/vendor/laravel/framework/src/Illuminate/Database/Connectors/Connector.php(48): Illuminate\\Database\\Connectors\\Connector->tryAgainIfCausedByLostConnection(Object(PDOException), 'mysql:host=sql2...', 'if0_42474986', Object(SensitiveParameterValue), Array)
#3 /home/vol16_2/infinityfree.com/if0_42474986/htdocs/vendor/laravel/framework/src/Illuminate/Database/Connectors/MySqlConnector.php(24): Illuminate\\Database\\Connectors\\Connector->createConnection('mysql:host=sql2...', Array, Array)
#4 /home/vol16_2/infinityfree.com/if0_42474986/htdocs/vendor/laravel/framework/src/Illuminate/Database/Connectors/ConnectionFactory.php(186): Illuminate\\Database\\Connectors\\MySqlConnector->connect(Array)
#5 [internal function]: Illuminate\\Database\\Connectors\\ConnectionFactory->Illuminate\\Database\\Connectors\\{closure}()
#6 /home/vol16_2/infinityfree.com/if0_42474986/htdocs/vendor/laravel/framework/src/Illuminate/Database/Connection.php(1257): call_user_func(Object(Closure))
#7 /home/vol16_2/infinityfree.com/if0_42474986/htdocs/vendor/laravel/framework/src/Illuminate/Database/Connection.php(1295): Illuminate\\Database\\Connection->getPdo()
#8 /home/vol16_2/infinityfree.com/if0_42474986/htdocs/vendor/laravel/framework/src/Illuminate/Database/Connection.php(525): Illuminate\\Database\\Connection->getReadPdo()
#9 /home/vol16_2/infinityfree.com/if0_42474986/htdocs/vendor/laravel/framework/src/Illuminate/Database/Connection.php(420): Illuminate\\Database\\Connection->getPdoForSelect(true)
#10 /home/vol16_2/infinityfree.com/if0_42474986/htdocs/vendor/laravel/framework/src/Illuminate/Database/Connection.php(827): Illuminate\\Database\\Connection->Illuminate\\Database\\{closure}('select * from `...', Array)
#11 /home/vol16_2/infinityfree.com/if0_42474986/htdocs/vendor/laravel/framework/src/Illuminate/Database/Connection.php(999): Illuminate\\Database\\Connection->runQueryCallback('select * from `...', Array, Object(Closure))
#12 /home/vol16_2/infinityfree.com/if0_42474986/htdocs/vendor/laravel/framework/src/Illuminate/Database/Connection.php(978): Illuminate\\Database\\Connection->tryAgainIfCausedByLostConnection(Object(Illuminate\\Database\\QueryException), 'select * from `...', Array, Object(Closure))
#13 /home/vol16_2/infinityfree.com/if0_42474986/htdocs/vendor/laravel/framework/src/Illuminate/Database/Connection.php(796): Illuminate\\Database\\Connection->handleQueryException(Object(Illuminate\\Database\\QueryException), 'select * from `...', Array, Object(Closure))
#14 /home/vol16_2/infinityfree.com/if0_42474986/htdocs/vendor/laravel/framework/src/Illuminate/Database/Connection.php(411): Illuminate\\Database\\Connection->run('select * from `...', Array, Object(Closure))
#15 /home/vol16_2/infinityfree.com/if0_42474986/htdocs/vendor/laravel/framework/src/Illuminate/Database/Query/Builder.php(3505): Illuminate\\Database\\Connection->select('select * from `...', Array, true)
#16 /home/vol16_2/infinityfree.com/if0_42474986/htdocs/vendor/laravel/framework/src/Illuminate/Database/Query/Builder.php(3490): Illuminate\\Database\\Query\\Builder->runSelect()
#17 /home/vol16_2/infinityfree.com/if0_42474986/htdocs/vendor/laravel/framework/src/Illuminate/Database/Query/Builder.php(4080): Illuminate\\Database\\Query\\Builder->Illuminate\\Database\\Query\\{closure}()
#18 /home/vol16_2/infinityfree.com/if0_42474986/htdocs/vendor/laravel/framework/src/Illuminate/Database/Query/Builder.php(3489): Illuminate\\Database\\Query\\Builder->onceWithColumns(Array, Object(Closure))
#19 /home/vol16_2/infinityfree.com/if0_42474986/htdocs/vendor/laravel/framework/src/Illuminate/Database/Eloquent/Builder.php(902): Illuminate\\Database\\Query\\Builder->get(Array)
#20 /home/vol16_2/infinityfree.com/if0_42474986/htdocs/vendor/laravel/framework/src/Illuminate/Database/Eloquent/Builder.php(884): Illuminate\\Database\\Eloquent\\Builder->getModels(Array)
#21 /home/vol16_2/infinityfree.com/if0_42474986/htdocs/vendor/laravel/framework/src/Illuminate/Database/Concerns/BuildsQueries.php(366): Illuminate\\Database\\Eloquent\\Builder->get(Array)
#22 /home/vol16_2/infinityfree.com/if0_42474986/htdocs/vendor/laravel/framework/src/Illuminate/Auth/EloquentUserProvider.php(58): Illuminate\\Database\\Eloquent\\Builder->first()
#23 /home/vol16_2/infinityfree.com/if0_42474986/htdocs/vendor/laravel/framework/src/Illuminate/Auth/SessionGuard.php(189): Illuminate\\Auth\\EloquentUserProvider->retrieveById(3)
#24 /home/vol16_2/infinityfree.com/if0_42474986/htdocs/vendor/laravel/framework/src/Illuminate/Auth/GuardHelpers.php(56): Illuminate\\Auth\\SessionGuard->user()
#25 /home/vol16_2/infinityfree.com/if0_42474986/htdocs/vendor/laravel/framework/src/Illuminate/Auth/Middleware/Authenticate.php(82): Illuminate\\Auth\\SessionGuard->check()
#26 /home/vol16_2/infinityfree.com/if0_42474986/htdocs/vendor/laravel/framework/src/Illuminate/Auth/Middleware/Authenticate.php(61): Illuminate\\Auth\\Middleware\\Authenticate->authenticate(Object(Illuminate\\Http\\Request), Array)
#27 /home/vol16_2/infinityfree.com/if0_42474986/htdocs/vendor/laravel/framework/src/Illuminate/Pipeline/Pipeline.php(219): Illuminate\\Auth\\Middleware\\Authenticate->handle(Object(Illuminate\\Http\\Request), Object(Closure))
#28 /home/vol16_2/infinityfree.com/if0_42474986/htdocs/vendor/laravel/framework/src/Illuminate/Foundation/Http/Middleware/VerifyCsrfToken.php(87): Illuminate\\Pipeline\\Pipeline->Illuminate\\Pipeline\\{closure}(Object(Illuminate\\Http\\Request))
#29 /home/vol16_2/infinityfree.com/if0_42474986/htdocs/vendor/laravel/framework/src/Illuminate/Pipeline/Pipeline.php(219): Illuminate\\Foundation\\Http\\Middleware\\VerifyCsrfToken->handle(Object(Illuminate\\Http\\Request), Object(Closure))
#30 /home/vol16_2/infinityfree.com/if0_42474986/htdocs/vendor/laravel/framework/src/Illuminate/View/Middleware/ShareErrorsFromSession.php(48): Illuminate\\Pipeline\\Pipeline->Illuminate\\Pipeline\\{closure}(Object(Illuminate\\Http\\Request))
#31 /home/vol16_2/infinityfree.com/if0_42474986/htdocs/vendor/laravel/framework/src/Illuminate/Pipeline/Pipeline.php(219): Illuminate\\View\\Middleware\\ShareErrorsFromSession->handle(Object(Illuminate\\Http\\Request), Object(Closure))
#32 /home/vol16_2/infinityfree.com/if0_42474986/htdocs/vendor/laravel/framework/src/Illuminate/Session/Middleware/StartSession.php(120): Illuminate\\Pipeline\\Pipeline->Illuminate\\Pipeline\\{closure}(Object(Illuminate\\Http\\Request))
#33 /home/vol16_2/infinityfree.com/if0_42474986/htdocs/vendor/laravel/framework/src/Illuminate/Session/Middleware/StartSession.php(63): Illuminate\\Session\\Middleware\\StartSession->handleStatefulRequest(Object(Illuminate\\Http\\Request), Object(Illuminate\\Session\\Store), Object(Closure))
#34 /home/vol16_2/infinityfree.com/if0_42474986/htdocs/vendor/laravel/framework/src/Illuminate/Pipeline/Pipeline.php(219): Illuminate\\Session\\Middleware\\StartSession->handle(Object(Illuminate\\Http\\Request), Object(Closure))
#35 /home/vol16_2/infinityfree.com/if0_42474986/htdocs/vendor/laravel/framework/src/Illuminate/Cookie/Middleware/AddQueuedCookiesToResponse.php(36): Illuminate\\Pipeline\\Pipeline->Illuminate\\Pipeline\\{closure}(Object(Illuminate\\Http\\Request))
#36 /home/vol16_2/infinityfree.com/if0_42474986/htdocs/vendor/laravel/framework/src/Illuminate/Pipeline/Pipeline.php(219): Illuminate\\Cookie\\Middleware\\AddQueuedCookiesToResponse->handle(Object(Illuminate\\Http\\Request), Object(Closure))
#37 /home/vol16_2/infinityfree.com/if0_42474986/htdocs/vendor/laravel/framework/src/Illuminate/Cookie/Middleware/EncryptCookies.php(74): Illuminate\\Pipeline\\Pipeline->Illuminate\\Pipeline\\{closure}(Object(Illuminate\\Http\\Request))
#38 /home/vol16_2/infinityfree.com/if0_42474986/htdocs/vendor/laravel/framework/src/Illuminate/Pipeline/Pipeline.php(219): Illuminate\\Cookie\\Middleware\\EncryptCookies->handle(Object(Illuminate\\Http\\Request), Object(Closure))
#39 /home/vol16_2/infinityfree.com/if0_42474986/htdocs/vendor/laravel/framework/src/Illuminate/Pipeline/Pipeline.php(137): Illuminate\\Pipeline\\Pipeline->Illuminate\\Pipeline\\{closure}(Object(Illuminate\\Http\\Request))
#40 /home/vol16_2/infinityfree.com/if0_42474986/htdocs/vendor/laravel/framework/src/Illuminate/Routing/Router.php(821): Illuminate\\Pipeline\\Pipeline->then(Object(Closure))
#41 /home/vol16_2/infinityfree.com/if0_42474986/htdocs/vendor/laravel/framework/src/Illuminate/Routing/Router.php(800): Illuminate\\Routing\\Router->runRouteWithinStack(Object(Illuminate\\Routing\\Route), Object(Illuminate\\Http\\Request))
#42 /home/vol16_2/infinityfree.com/if0_42474986/htdocs/vendor/laravel/framework/src/Illuminate/Routing/Router.php(764): Illuminate\\Routing\\Router->runRoute(Object(Illuminate\\Http\\Request), Object(Illuminate\\Routing\\Route))
#43 /home/vol16_2/infinityfree.com/if0_42474986/htdocs/vendor/laravel/framework/src/Illuminate/Routing/Router.php(753): Illuminate\\Routing\\Router->dispatchToRoute(Object(Illuminate\\Http\\Request))
#44 /home/vol16_2/infinityfree.com/if0_42474986/htdocs/vendor/laravel/framework/src/Illuminate/Foundation/Http/Kernel.php(200): Illuminate\\Routing\\Router->dispatch(Object(Illuminate\\Http\\Request))
#45 /home/vol16_2/infinityfree.com/if0_42474986/htdocs/vendor/laravel/framework/src/Illuminate/Pipeline/Pipeline.php(180): Illuminate\\Foundation\\Http\\Kernel->Illuminate\\Foundation\\Http\\{closure}(Object(Illuminate\\Http\\Request))
#46 /home/vol16_2/infinityfree.com/if0_42474986/htdocs/vendor/laravel/framework/src/Illuminate/Foundation/Http/Middleware/TransformsRequest.php(21): Illuminate\\Pipeline\\Pipeline->Illuminate\\Pipeline\\{closure}(Object(Illuminate\\Http\\Request))
#47 /home/vol16_2/infinityfree.com/if0_42474986/htdocs/vendor/laravel/framework/src/Illuminate/Foundation/Http/Middleware/ConvertEmptyStringsToNull.php(31): Illuminate\\Foundation\\Http\\Middleware\\TransformsRequest->handle(Object(Illuminate\\Http\\Request), Object(Closure))
#48 /home/vol16_2/infinityfree.com/if0_42474986/htdocs/vendor/laravel/framework/src/Illuminate/Pipeline/Pipeline.php(219): Illuminate\\Foundation\\Http\\Middleware\\ConvertEmptyStringsToNull->handle(Object(Illuminate\\Http\\Request), Object(Closure))
#49 /home/vol16_2/infinityfree.com/if0_42474986/htdocs/vendor/laravel/framework/src/Illuminate/Foundation/Http/Middleware/TransformsRequest.php(21): Illuminate\\Pipeline\\Pipeline->Illuminate\\Pipeline\\{closure}(Object(Illuminate\\Http\\Request))
#50 /home/vol16_2/infinityfree.com/if0_42474986/htdocs/vendor/laravel/framework/src/Illuminate/Foundation/Http/Middleware/TrimStrings.php(51): Illuminate\\Foundation\\Http\\Middleware\\TransformsRequest->handle(Object(Illuminate\\Http\\Request), Object(Closure))
#51 /home/vol16_2/infinityfree.com/if0_42474986/htdocs/vendor/laravel/framework/src/Illuminate/Pipeline/Pipeline.php(219): Illuminate\\Foundation\\Http\\Middleware\\TrimStrings->handle(Object(Illuminate\\Http\\Request), Object(Closure))
#52 /home/vol16_2/infinityfree.com/if0_42474986/htdocs/vendor/laravel/framework/src/Illuminate/Http/Middleware/ValidatePostSize.php(27): Illuminate\\Pipeline\\Pipeline->Illuminate\\Pipeline\\{closure}(Object(Illuminate\\Http\\Request))
#53 /home/vol16_2/infinityfree.com/if0_42474986/htdocs/vendor/laravel/framework/src/Illuminate/Pipeline/Pipeline.php(219): Illuminate\\Http\\Middleware\\ValidatePostSize->handle(Object(Illuminate\\Http\\Request), Object(Closure))
#54 /home/vol16_2/infinityfree.com/if0_42474986/htdocs/vendor/laravel/framework/src/Illuminate/Foundation/Http/Middleware/PreventRequestsDuringMaintenance.php(109): Illuminate\\Pipeline\\Pipeline->Illuminate\\Pipeline\\{closure}(Object(Illuminate\\Http\\Request))
#55 /home/vol16_2/infinityfree.com/if0_42474986/htdocs/vendor/laravel/framework/src/Illuminate/Pipeline/Pipeline.php(219): Illuminate\\Foundation\\Http\\Middleware\\PreventRequestsDuringMaintenance->handle(Object(Illuminate\\Http\\Request), Object(Closure))
#56 /home/vol16_2/infinityfree.com/if0_42474986/htdocs/vendor/laravel/framework/src/Illuminate/Http/Middleware/HandleCors.php(61): Illuminate\\Pipeline\\Pipeline->Illuminate\\Pipeline\\{closure}(Object(Illuminate\\Http\\Request))
#57 /home/vol16_2/infinityfree.com/if0_42474986/htdocs/vendor/laravel/framework/src/Illuminate/Pipeline/Pipeline.php(219): Illuminate\\Http\\Middleware\\HandleCors->handle(Object(Illuminate\\Http\\Request), Object(Closure))
#58 /home/vol16_2/infinityfree.com/if0_42474986/htdocs/vendor/laravel/framework/src/Illuminate/Http/Middleware/TrustProxies.php(58): Illuminate\\Pipeline\\Pipeline->Illuminate\\Pipeline\\{closure}(Object(Illuminate\\Http\\Request))
#59 /home/vol16_2/infinityfree.com/if0_42474986/htdocs/vendor/laravel/framework/src/Illuminate/Pipeline/Pipeline.php(219): Illuminate\\Http\\Middleware\\TrustProxies->handle(Object(Illuminate\\Http\\Request), Object(Closure))
#60 /home/vol16_2/infinityfree.com/if0_42474986/htdocs/vendor/laravel/framework/src/Illuminate/Foundation/Http/Middleware/InvokeDeferredCallbacks.php(22): Illuminate\\Pipeline\\Pipeline->Illuminate\\Pipeline\\{closure}(Object(Illuminate\\Http\\Request))
#61 /home/vol16_2/infinityfree.com/if0_42474986/htdocs/vendor/laravel/framework/src/Illuminate/Pipeline/Pipeline.php(219): Illuminate\\Foundation\\Http\\Middleware\\InvokeDeferredCallbacks->handle(Object(Illuminate\\Http\\Request), Object(Closure))
#62 /home/vol16_2/infinityfree.com/if0_42474986/htdocs/vendor/laravel/framework/src/Illuminate/Http/Middleware/ValidatePathEncoding.php(26): Illuminate\\Pipeline\\Pipeline->Illuminate\\Pipeline\\{closure}(Object(Illuminate\\Http\\Request))
#63 /home/vol16_2/infinityfree.com/if0_42474986/htdocs/vendor/laravel/framework/src/Illuminate/Pipeline/Pipeline.php(219): Illuminate\\Http\\Middleware\\ValidatePathEncoding->handle(Object(Illuminate\\Http\\Request), Object(Closure))
#64 /home/vol16_2/infinityfree.com/if0_42474986/htdocs/vendor/laravel/framework/src/Illuminate/Pipeline/Pipeline.php(137): Illuminate\\Pipeline\\Pipeline->Illuminate\\Pipeline\\{closure}(Object(Illuminate\\Http\\Request))
#65 /home/vol16_2/infinityfree.com/if0_42474986/htdocs/vendor/laravel/framework/src/Illuminate/Foundation/Http/Kernel.php(175): Illuminate\\Pipeline\\Pipeline->then(Object(Closure))
#66 /home/vol16_2/infinityfree.com/if0_42474986/htdocs/vendor/laravel/framework/src/Illuminate/Foundation/Http/Kernel.php(144): Illuminate\\Foundation\\Http\\Kernel->sendRequestThroughRouter(Object(Illuminate\\Http\\Request))
#67 /home/vol16_2/infinityfree.com/if0_42474986/htdocs/index.php(6): Illuminate\\Foundation\\Http\\Kernel->handle(Object(Illuminate\\Http\\Request))
#68 {main}
"} 
[2026-07-25 11:00:22] production.ERROR: SQLSTATE[HY000] [2002] Connection refused (Connection: mysql, Host: sql213.infinityfree.com, Port: 3306, Database: if0_42474986_mindcare, SQL: select * from `users` where `id` = 3 and `users`.`deleted_at` is null limit 1) {"exception":"[object] (Illuminate\\Database\\QueryException(code: 2002): SQLSTATE[HY000] [2002] Connection refused (Connection: mysql, Host: sql213.infinityfree.com, Port: 3306, Database: if0_42474986_mindcare, SQL: select * from `users` where `id` = 3 and `users`.`deleted_at` is null limit 1) at /home/vol16_2/infinityfree.com/if0_42474986/htdocs/vendor/laravel/framework/src/Illuminate/Database/Connection.php:838)
[stacktrace]
#0 /home/vol16_2/infinityfree.com/if0_42474986/htdocs/vendor/laravel/framework/src/Illuminate/Database/Connection.php(999): Illuminate\\Database\\Connection->runQueryCallback('select * from `...', Array, Object(Closure))
#1 /home/vol16_2/infinityfree.com/if0_42474986/htdocs/vendor/laravel/framework/src/Illuminate/Database/Connection.php(978): Illuminate\\Database\\Connection->tryAgainIfCausedByLostConnection(Object(Illuminate\\Database\\QueryException), 'select * from `...', Array, Object(Closure))
#2 /home/vol16_2/infinityfree.com/if0_42474986/htdocs/vendor/laravel/framework/src/Illuminate/Database/Connection.php(796): Illuminate\\Database\\Connection->handleQueryException(Object(Illuminate\\Database\\QueryException), 'select * from `...', Array, Object(Closure))
#3 /home/vol16_2/infinityfree.com/if0_42474986/htdocs/vendor/laravel/framework/src/Illuminate/Database/Connection.php(411): Illuminate\\Database\\Connection->run('select * from `...', Array, Object(Closure))
#4 /home/vol16_2/infinityfree.com/if0_42474986/htdocs/vendor/laravel/framework/src/Illuminate/Database/Query/Builder.php(3505): Illuminate\\Database\\Connection->select('select * from `...', Array, true)
#5 /home/vol16_2/infinityfree.com/if0_42474986/htdocs/vendor/laravel/framework/src/Illuminate/Database/Query/Builder.php(3490): Illuminate\\Database\\Query\\Builder->runSelect()
#6 /home/vol16_2/infinityfree.com/if0_42474986/htdocs/vendor/laravel/framework/src/Illuminate/Database/Query/Builder.php(4080): Illuminate\\Database\\Query\\Builder->Illuminate\\Database\\Query\\{closure}()
#7 /home/vol16_2/infinityfree.com/if0_42474986/htdocs/vendor/laravel/framework/src/Illuminate/Database/Query/Builder.php(3489): Illuminate\\Database\\Query\\Builder->onceWithColumns(Array, Object(Closure))
#8 /home/vol16_2/infinityfree.com/if0_42474986/htdocs/vendor/laravel/framework/src/Illuminate/Database/Eloquent/Builder.php(902): Illuminate\\Database\\Query\\Builder->get(Array)
#9 /home/vol16_2/infinityfree.com/if0_42474986/htdocs/vendor/laravel/framework/src/Illuminate/Database/Eloquent/Builder.php(884): Illuminate\\Database\\Eloquent\\Builder->getModels(Array)
#10 /home/vol16_2/infinityfree.com/if0_42474986/htdocs/vendor/laravel/framework/src/Illuminate/Database/Concerns/BuildsQueries.php(366): Illuminate\\Database\\Eloquent\\Builder->get(Array)
#11 /home/vol16_2/infinityfree.com/if0_42474986/htdocs/vendor/laravel/framework/src/Illuminate/Auth/EloquentUserProvider.php(58): Illuminate\\Database\\Eloquent\\Builder->first()
#12 /home/vol16_2/infinityfree.com/if0_42474986/htdocs/vendor/laravel/framework/src/Illuminate/Auth/SessionGuard.php(189): Illuminate\\Auth\\EloquentUserProvider->retrieveById(3)
#13 /home/vol16_2/infinityfree.com/if0_42474986/htdocs/vendor/laravel/framework/src/Illuminate/Auth/GuardHelpers.php(56): Illuminate\\Auth\\SessionGuard->user()
#14 /home/vol16_2/infinityfree.com/if0_42474986/htdocs/vendor/laravel/framework/src/Illuminate/Auth/Middleware/Authenticate.php(82): Illuminate\\Auth\\SessionGuard->check()
#15 /home/vol16_2/infinityfree.com/if0_42474986/htdocs/vendor/laravel/framework/src/Illuminate/Auth/Middleware/Authenticate.php(61): Illuminate\\Auth\\Middleware\\Authenticate->authenticate(Object(Illuminate\\Http\\Request), Array)
#16 /home/vol16_2/infinityfree.com/if0_42474986/htdocs/vendor/laravel/framework/src/Illuminate/Pipeline/Pipeline.php(219): Illuminate\\Auth\\Middleware\\Authenticate->handle(Object(Illuminate\\Http\\Request), Object(Closure))
#17 /home/vol16_2/infinityfree.com/if0_42474986/htdocs/vendor/laravel/framework/src/Illuminate/Foundation/Http/Middleware/VerifyCsrfToken.php(87): Illuminate\\Pipeline\\Pipeline->Illuminate\\Pipeline\\{closure}(Object(Illuminate\\Http\\Request))
#18 /home/vol16_2/infinityfree.com/if0_42474986/htdocs/vendor/laravel/framework/src/Illuminate/Pipeline/Pipeline.php(219): Illuminate\\Foundation\\Http\\Middleware\\VerifyCsrfToken->handle(Object(Illuminate\\Http\\Request), Object(Closure))
#19 /home/vol16_2/infinityfree.com/if0_42474986/htdocs/vendor/laravel/framework/src/Illuminate/View/Middleware/ShareErrorsFromSession.php(48): Illuminate\\Pipeline\\Pipeline->Illuminate\\Pipeline\\{closure}(Object(Illuminate\\Http\\Request))
#20 /home/vol16_2/infinityfree.com/if0_42474986/htdocs/vendor/laravel/framework/src/Illuminate/Pipeline/Pipeline.php(219): Illuminate\\View\\Middleware\\ShareErrorsFromSession->handle(Object(Illuminate\\Http\\Request), Object(Closure))
#21 /home/vol16_2/infinityfree.com/if0_42474986/htdocs/vendor/laravel/framework/src/Illuminate/Session/Middleware/StartSession.php(120): Illuminate\\Pipeline\\Pipeline->Illuminate\\Pipeline\\{closure}(Object(Illuminate\\Http\\Request))
#22 /home/vol16_2/infinityfree.com/if0_42474986/htdocs/vendor/laravel/framework/src/Illuminate/Session/Middleware/StartSession.php(63): Illuminate\\Session\\Middleware\\StartSession->handleStatefulRequest(Object(Illuminate\\Http\\Request), Object(Illuminate\\Session\\Store), Object(Closure))
#23 /home/vol16_2/infinityfree.com/if0_42474986/htdocs/vendor/laravel/framework/src/Illuminate/Pipeline/Pipeline.php(219): Illuminate\\Session\\Middleware\\StartSession->handle(Object(Illuminate\\Http\\Request), Object(Closure))
#24 /home/vol16_2/infinityfree.com/if0_42474986/htdocs/vendor/laravel/framework/src/Illuminate/Cookie/Middleware/AddQueuedCookiesToResponse.php(36): Illuminate\\Pipeline\\Pipeline->Illuminate\\Pipeline\\{closure}(Object(Illuminate\\Http\\Request))
#25 /home/vol16_2/infinityfree.com/if0_42474986/htdocs/vendor/laravel/framework/src/Illuminate/Pipeline/Pipeline.php(219): Illuminate\\Cookie\\Middleware\\AddQueuedCookiesToResponse->handle(Object(Illuminate\\Http\\Request), Object(Closure))
#26 /home/vol16_2/infinityfree.com/if0_42474986/htdocs/vendor/laravel/framework/src/Illuminate/Cookie/Middleware/EncryptCookies.php(74): Illuminate\\Pipeline\\Pipeline->Illuminate\\Pipeline\\{closure}(Object(Illuminate\\Http\\Request))
#27 /home/vol16_2/infinityfree.com/if0_42474986/htdocs/vendor/laravel/framework/src/Illuminate/Pipeline/Pipeline.php(219): Illuminate\\Cookie\\Middleware\\EncryptCookies->handle(Object(Illuminate\\Http\\Request), Object(Closure))
#28 /home/vol16_2/infinityfree.com/if0_42474986/htdocs/vendor/laravel/framework/src/Illuminate/Pipeline/Pipeline.php(137): Illuminate\\Pipeline\\Pipeline->Illuminate\\Pipeline\\{closure}(Object(Illuminate\\Http\\Request))
#29 /home/vol16_2/infinityfree.com/if0_42474986/htdocs/vendor/laravel/framework/src/Illuminate/Routing/Router.php(821): Illuminate\\Pipeline\\Pipeline->then(Object(Closure))
#30 /home/vol16_2/infinityfree.com/if0_42474986/htdocs/vendor/laravel/framework/src/Illuminate/Routing/Router.php(800): Illuminate\\Routing\\Router->runRouteWithinStack(Object(Illuminate\\Routing\\Route), Object(Illuminate\\Http\\Request))
#31 /home/vol16_2/infinityfree.com/if0_42474986/htdocs/vendor/laravel/framework/src/Illuminate/Routing/Router.php(764): Illuminate\\Routing\\Router->runRoute(Object(Illuminate\\Http\\Request), Object(Illuminate\\Routing\\Route))
#32 /home/vol16_2/infinityfree.com/if0_42474986/htdocs/vendor/laravel/framework/src/Illuminate/Routing/Router.php(753): Illuminate\\Routing\\Router->dispatchToRoute(Object(Illuminate\\Http\\Request))
#33 /home/vol16_2/infinityfree.com/if0_42474986/htdocs/vendor/laravel/framework/src/Illuminate/Foundation/Http/Kernel.php(200): Illuminate\\Routing\\Router->dispatch(Object(Illuminate\\Http\\Request))
#34 /home/vol16_2/infinityfree.com/if0_42474986/htdocs/vendor/laravel/framework/src/Illuminate/Pipeline/Pipeline.php(180): Illuminate\\Foundation\\Http\\Kernel->Illuminate\\Foundation\\Http\\{closure}(Object(Illuminate\\Http\\Request))
#35 /home/vol16_2/infinityfree.com/if0_42474986/htdocs/vendor/laravel/framework/src/Illuminate/Foundation/Http/Middleware/TransformsRequest.php(21): Illuminate\\Pipeline\\Pipeline->Illuminate\\Pipeline\\{closure}(Object(Illuminate\\Http\\Request))
#36 /home/vol16_2/infinityfree.com/if0_42474986/htdocs/vendor/laravel/framework/src/Illuminate/Foundation/Http/Middleware/ConvertEmptyStringsToNull.php(31): Illuminate\\Foundation\\Http\\Middleware\\TransformsRequest->handle(Object(Illuminate\\Http\\Request), Object(Closure))
#37 /home/vol16_2/infinityfree.com/if0_42474986/htdocs/vendor/laravel/framework/src/Illuminate/Pipeline/Pipeline.php(219): Illuminate\\Foundation\\Http\\Middleware\\ConvertEmptyStringsToNull->handle(Object(Illuminate\\Http\\Request), Object(Closure))
#38 /home/vol16_2/infinityfree.com/if0_42474986/htdocs/vendor/laravel/framework/src/Illuminate/Foundation/Http/Middleware/TransformsRequest.php(21): Illuminate\\Pipeline\\Pipeline->Illuminate\\Pipeline\\{closure}(Object(Illuminate\\Http\\Request))
#39 /home/vol16_2/infinityfree.com/if0_42474986/htdocs/vendor/laravel/framework/src/Illuminate/Foundation/Http/Middleware/TrimStrings.php(51): Illuminate\\Foundation\\Http\\Middleware\\TransformsRequest->handle(Object(Illuminate\\Http\\Request), Object(Closure))
#40 /home/vol16_2/infinityfree.com/if0_42474986/htdocs/vendor/laravel/framework/src/Illuminate/Pipeline/Pipeline.php(219): Illuminate\\Foundation\\Http\\Middleware\\TrimStrings->handle(Object(Illuminate\\Http\\Request), Object(Closure))
#41 /home/vol16_2/infinityfree.com/if0_42474986/htdocs/vendor/laravel/framework/src/Illuminate/Http/Middleware/ValidatePostSize.php(27): Illuminate\\Pipeline\\Pipeline->Illuminate\\Pipeline\\{closure}(Object(Illuminate\\Http\\Request))
#42 /home/vol16_2/infinityfree.com/if0_42474986/htdocs/vendor/laravel/framework/src/Illuminate/Pipeline/Pipeline.php(219): Illuminate\\Http\\Middleware\\ValidatePostSize->handle(Object(Illuminate\\Http\\Request), Object(Closure))
#43 /home/vol16_2/infinityfree.com/if0_42474986/htdocs/vendor/laravel/framework/src/Illuminate/Foundation/Http/Middleware/PreventRequestsDuringMaintenance.php(109): Illuminate\\Pipeline\\Pipeline->Illuminate\\Pipeline\\{closure}(Object(Illuminate\\Http\\Request))
#44 /home/vol16_2/infinityfree.com/if0_42474986/htdocs/vendor/laravel/framework/src/Illuminate/Pipeline/Pipeline.php(219): Illuminate\\Foundation\\Http\\Middleware\\PreventRequestsDuringMaintenance->handle(Object(Illuminate\\Http\\Request), Object(Closure))
#45 /home/vol16_2/infinityfree.com/if0_42474986/htdocs/vendor/laravel/framework/src/Illuminate/Http/Middleware/HandleCors.php(61): Illuminate\\Pipeline\\Pipeline->Illuminate\\Pipeline\\{closure}(Object(Illuminate\\Http\\Request))
#46 /home/vol16_2/infinityfree.com/if0_42474986/htdocs/vendor/laravel/framework/src/Illuminate/Pipeline/Pipeline.php(219): Illuminate\\Http\\Middleware\\HandleCors->handle(Object(Illuminate\\Http\\Request), Object(Closure))
#47 /home/vol16_2/infinityfree.com/if0_42474986/htdocs/vendor/laravel/framework/src/Illuminate/Http/Middleware/TrustProxies.php(58): Illuminate\\Pipeline\\Pipeline->Illuminate\\Pipeline\\{closure}(Object(Illuminate\\Http\\Request))
#48 /home/vol16_2/infinityfree.com/if0_42474986/htdocs/vendor/laravel/framework/src/Illuminate/Pipeline/Pipeline.php(219): Illuminate\\Http\\Middleware\\TrustProxies->handle(Object(Illuminate\\Http\\Request), Object(Closure))
#49 /home/vol16_2/infinityfree.com/if0_42474986/htdocs/vendor/laravel/framework/src/Illuminate/Foundation/Http/Middleware/InvokeDeferredCallbacks.php(22): Illuminate\\Pipeline\\Pipeline->Illuminate\\Pipeline\\{closure}(Object(Illuminate\\Http\\Request))
#50 /home/vol16_2/infinityfree.com/if0_42474986/htdocs/vendor/laravel/framework/src/Illuminate/Pipeline/Pipeline.php(219): Illuminate\\Foundation\\Http\\Middleware\\InvokeDeferredCallbacks->handle(Object(Illuminate\\Http\\Request), Object(Closure))
#51 /home/vol16_2/infinityfree.com/if0_42474986/htdocs/vendor/laravel/framework/src/Illuminate/Http/Middleware/ValidatePathEncoding.php(26): Illuminate\\Pipeline\\Pipeline->Illuminate\\Pipeline\\{closure}(Object(Illuminate\\Http\\Request))
#52 /home/vol16_2/infinityfree.com/if0_42474986/htdocs/vendor/laravel/framework/src/Illuminate/Pipeline/Pipeline.php(219): Illuminate\\Http\\Middleware\\ValidatePathEncoding->handle(Object(Illuminate\\Http\\Request), Object(Closure))
#53 /home/vol16_2/infinityfree.com/if0_42474986/htdocs/vendor/laravel/framework/src/Illuminate/Pipeline/Pipeline.php(137): Illuminate\\Pipeline\\Pipeline->Illuminate\\Pipeline\\{closure}(Object(Illuminate\\Http\\Request))
#54 /home/vol16_2/infinityfree.com/if0_42474986/htdocs/vendor/laravel/framework/src/Illuminate/Foundation/Http/Kernel.php(175): Illuminate\\Pipeline\\Pipeline->then(Object(Closure))
#55 /home/vol16_2/infinityfree.com/if0_42474986/htdocs/vendor/laravel/framework/src/Illuminate/Foundation/Http/Kernel.php(144): Illuminate\\Foundation\\Http\\Kernel->sendRequestThroughRouter(Object(Illuminate\\Http\\Request))
#56 /home/vol16_2/infinityfree.com/if0_42474986/htdocs/index.php(6): Illuminate\\Foundation\\Http\\Kernel->handle(Object(Illuminate\\Http\\Request))
#57 {main}

[previous exception] [object] (PDOException(code: 2002): SQLSTATE[HY000] [2002] Connection refused at /home/vol16_2/infinityfree.com/if0_42474986/htdocs/vendor/laravel/framework/src/Illuminate/Database/Connectors/Connector.php:66)
[stacktrace]
#0 /home/vol16_2/infinityfree.com/if0_42474986/htdocs/vendor/laravel/framework/src/Illuminate/Database/Connectors/Connector.php(66): PDO->__construct('mysql:host=sql2...', 'if0_42474986', Object(SensitiveParameterValue), Array)
#1 /home/vol16_2/infinityfree.com/if0_42474986/htdocs/vendor/laravel/framework/src/Illuminate/Database/Connectors/Connector.php(85): Illuminate\\Database\\Connectors\\Connector->createPdoConnection('mysql:host=sql2...', 'if0_42474986', Object(SensitiveParameterValue), Array)
#2 /home/vol16_2/infinityfree.com/if0_42474986/htdocs/vendor/laravel/framework/src/Illuminate/Database/Connectors/Connector.php(48): Illuminate\\Database\\Connectors\\Connector->tryAgainIfCausedByLostConnection(Object(PDOException), 'mysql:host=sql2...', 'if0_42474986', Object(SensitiveParameterValue), Array)
#3 /home/vol16_2/infinityfree.com/if0_42474986/htdocs/vendor/laravel/framework/src/Illuminate/Database/Connectors/MySqlConnector.php(24): Illuminate\\Database\\Connectors\\Connector->createConnection('mysql:host=sql2...', Array, Array)
#4 /home/vol16_2/infinityfree.com/if0_42474986/htdocs/vendor/laravel/framework/src/Illuminate/Database/Connectors/ConnectionFactory.php(186): Illuminate\\Database\\Connectors\\MySqlConnector->connect(Array)
#5 [internal function]: Illuminate\\Database\\Connectors\\ConnectionFactory->Illuminate\\Database\\Connectors\\{closure}()
#6 /home/vol16_2/infinityfree.com/if0_42474986/htdocs/vendor/laravel/framework/src/Illuminate/Database/Connection.php(1257): call_user_func(Object(Closure))
#7 /home/vol16_2/infinityfree.com/if0_42474986/htdocs/vendor/laravel/framework/src/Illuminate/Database/Connection.php(1295): Illuminate\\Database\\Connection->getPdo()
#8 /home/vol16_2/infinityfree.com/if0_42474986/htdocs/vendor/laravel/framework/src/Illuminate/Database/Connection.php(525): Illuminate\\Database\\Connection->getReadPdo()
#9 /home/vol16_2/infinityfree.com/if0_42474986/htdocs/vendor/laravel/framework/src/Illuminate/Database/Connection.php(420): Illuminate\\Database\\Connection->getPdoForSelect(true)
#10 /home/vol16_2/infinityfree.com/if0_42474986/htdocs/vendor/laravel/framework/src/Illuminate/Database/Connection.php(827): Illuminate\\Database\\Connection->Illuminate\\Database\\{closure}('select * from `...', Array)
#11 /home/vol16_2/infinityfree.com/if0_42474986/htdocs/vendor/laravel/framework/src/Illuminate/Database/Connection.php(999): Illuminate\\Database\\Connection->runQueryCallback('select * from `...', Array, Object(Closure))
#12 /home/vol16_2/infinityfree.com/if0_42474986/htdocs/vendor/laravel/framework/src/Illuminate/Database/Connection.php(978): Illuminate\\Database\\Connection->tryAgainIfCausedByLostConnection(Object(Illuminate\\Database\\QueryException), 'select * from `...', Array, Object(Closure))
#13 /home/vol16_2/infinityfree.com/if0_42474986/htdocs/vendor/laravel/framework/src/Illuminate/Database/Connection.php(796): Illuminate\\Database\\Connection->handleQueryException(Object(Illuminate\\Database\\QueryException), 'select * from `...', Array, Object(Closure))
#14 /home/vol16_2/infinityfree.com/if0_42474986/htdocs/vendor/laravel/framework/src/Illuminate/Database/Connection.php(411): Illuminate\\Database\\Connection->run('select * from `...', Array, Object(Closure))
#15 /home/vol16_2/infinityfree.com/if0_42474986/htdocs/vendor/laravel/framework/src/Illuminate/Database/Query/Builder.php(3505): Illuminate\\Database\\Connection->select('select * from `...', Array, true)
#16 /home/vol16_2/infinityfree.com/if0_42474986/htdocs/vendor/laravel/framework/src/Illuminate/Database/Query/Builder.php(3490): Illuminate\\Database\\Query\\Builder->runSelect()
#17 /home/vol16_2/infinityfree.com/if0_42474986/htdocs/vendor/laravel/framework/src/Illuminate/Database/Query/Builder.php(4080): Illuminate\\Database\\Query\\Builder->Illuminate\\Database\\Query\\{closure}()
#18 /home/vol16_2/infinityfree.com/if0_42474986/htdocs/vendor/laravel/framework/src/Illuminate/Database/Query/Builder.php(3489): Illuminate\\Database\\Query\\Builder->onceWithColumns(Array, Object(Closure))
#19 /home/vol16_2/infinityfree.com/if0_42474986/htdocs/vendor/laravel/framework/src/Illuminate/Database/Eloquent/Builder.php(902): Illuminate\\Database\\Query\\Builder->get(Array)
#20 /home/vol16_2/infinityfree.com/if0_42474986/htdocs/vendor/laravel/framework/src/Illuminate/Database/Eloquent/Builder.php(884): Illuminate\\Database\\Eloquent\\Builder->getModels(Array)
#21 /home/vol16_2/infinityfree.com/if0_42474986/htdocs/vendor/laravel/framework/src/Illuminate/Database/Concerns/BuildsQueries.php(366): Illuminate\\Database\\Eloquent\\Builder->get(Array)
#22 /home/vol16_2/infinityfree.com/if0_42474986/htdocs/vendor/laravel/framework/src/Illuminate/Auth/EloquentUserProvider.php(58): Illuminate\\Database\\Eloquent\\Builder->first()
#23 /home/vol16_2/infinityfree.com/if0_42474986/htdocs/vendor/laravel/framework/src/Illuminate/Auth/SessionGuard.php(189): Illuminate\\Auth\\EloquentUserProvider->retrieveById(3)
#24 /home/vol16_2/infinityfree.com/if0_42474986/htdocs/vendor/laravel/framework/src/Illuminate/Auth/GuardHelpers.php(56): Illuminate\\Auth\\SessionGuard->user()
#25 /home/vol16_2/infinityfree.com/if0_42474986/htdocs/vendor/laravel/framework/src/Illuminate/Auth/Middleware/Authenticate.php(82): Illuminate\\Auth\\SessionGuard->check()
#26 /home/vol16_2/infinityfree.com/if0_42474986/htdocs/vendor/laravel/framework/src/Illuminate/Auth/Middleware/Authenticate.php(61): Illuminate\\Auth\\Middleware\\Authenticate->authenticate(Object(Illuminate\\Http\\Request), Array)
#27 /home/vol16_2/infinityfree.com/if0_42474986/htdocs/vendor/laravel/framework/src/Illuminate/Pipeline/Pipeline.php(219): Illuminate\\Auth\\Middleware\\Authenticate->handle(Object(Illuminate\\Http\\Request), Object(Closure))
#28 /home/vol16_2/infinityfree.com/if0_42474986/htdocs/vendor/laravel/framework/src/Illuminate/Foundation/Http/Middleware/VerifyCsrfToken.php(87): Illuminate\\Pipeline\\Pipeline->Illuminate\\Pipeline\\{closure}(Object(Illuminate\\Http\\Request))
#29 /home/vol16_2/infinityfree.com/if0_42474986/htdocs/vendor/laravel/framework/src/Illuminate/Pipeline/Pipeline.php(219): Illuminate\\Foundation\\Http\\Middleware\\VerifyCsrfToken->handle(Object(Illuminate\\Http\\Request), Object(Closure))
#30 /home/vol16_2/infinityfree.com/if0_42474986/htdocs/vendor/laravel/framework/src/Illuminate/View/Middleware/ShareErrorsFromSession.php(48): Illuminate\\Pipeline\\Pipeline->Illuminate\\Pipeline\\{closure}(Object(Illuminate\\Http\\Request))
#31 /home/vol16_2/infinityfree.com/if0_42474986/htdocs/vendor/laravel/framework/src/Illuminate/Pipeline/Pipeline.php(219): Illuminate\\View\\Middleware\\ShareErrorsFromSession->handle(Object(Illuminate\\Http\\Request), Object(Closure))
#32 /home/vol16_2/infinityfree.com/if0_42474986/htdocs/vendor/laravel/framework/src/Illuminate/Session/Middleware/StartSession.php(120): Illuminate\\Pipeline\\Pipeline->Illuminate\\Pipeline\\{closure}(Object(Illuminate\\Http\\Request))
#33 /home/vol16_2/infinityfree.com/if0_42474986/htdocs/vendor/laravel/framework/src/Illuminate/Session/Middleware/StartSession.php(63): Illuminate\\Session\\Middleware\\StartSession->handleStatefulRequest(Object(Illuminate\\Http\\Request), Object(Illuminate\\Session\\Store), Object(Closure))
#34 /home/vol16_2/infinityfree.com/if0_42474986/htdocs/vendor/laravel/framework/src/Illuminate/Pipeline/Pipeline.php(219): Illuminate\\Session\\Middleware\\StartSession->handle(Object(Illuminate\\Http\\Request), Object(Closure))
#35 /home/vol16_2/infinityfree.com/if0_42474986/htdocs/vendor/laravel/framework/src/Illuminate/Cookie/Middleware/AddQueuedCookiesToResponse.php(36): Illuminate\\Pipeline\\Pipeline->Illuminate\\Pipeline\\{closure}(Object(Illuminate\\Http\\Request))
#36 /home/vol16_2/infinityfree.com/if0_42474986/htdocs/vendor/laravel/framework/src/Illuminate/Pipeline/Pipeline.php(219): Illuminate\\Cookie\\Middleware\\AddQueuedCookiesToResponse->handle(Object(Illuminate\\Http\\Request), Object(Closure))
#37 /home/vol16_2/infinityfree.com/if0_42474986/htdocs/vendor/laravel/framework/src/Illuminate/Cookie/Middleware/EncryptCookies.php(74): Illuminate\\Pipeline\\Pipeline->Illuminate\\Pipeline\\{closure}(Object(Illuminate\\Http\\Request))
#38 /home/vol16_2/infinityfree.com/if0_42474986/htdocs/vendor/laravel/framework/src/Illuminate/Pipeline/Pipeline.php(219): Illuminate\\Cookie\\Middleware\\EncryptCookies->handle(Object(Illuminate\\Http\\Request), Object(Closure))
#39 /home/vol16_2/infinityfree.com/if0_42474986/htdocs/vendor/laravel/framework/src/Illuminate/Pipeline/Pipeline.php(137): Illuminate\\Pipeline\\Pipeline->Illuminate\\Pipeline\\{closure}(Object(Illuminate\\Http\\Request))
#40 /home/vol16_2/infinityfree.com/if0_42474986/htdocs/vendor/laravel/framework/src/Illuminate/Routing/Router.php(821): Illuminate\\Pipeline\\Pipeline->then(Object(Closure))
#41 /home/vol16_2/infinityfree.com/if0_42474986/htdocs/vendor/laravel/framework/src/Illuminate/Routing/Router.php(800): Illuminate\\Routing\\Router->runRouteWithinStack(Object(Illuminate\\Routing\\Route), Object(Illuminate\\Http\\Request))
#42 /home/vol16_2/infinityfree.com/if0_42474986/htdocs/vendor/laravel/framework/src/Illuminate/Routing/Router.php(764): Illuminate\\Routing\\Router->runRoute(Object(Illuminate\\Http\\Request), Object(Illuminate\\Routing\\Route))
#43 /home/vol16_2/infinityfree.com/if0_42474986/htdocs/vendor/laravel/framework/src/Illuminate/Routing/Router.php(753): Illuminate\\Routing\\Router->dispatchToRoute(Object(Illuminate\\Http\\Request))
#44 /home/vol16_2/infinityfree.com/if0_42474986/htdocs/vendor/laravel/framework/src/Illuminate/Foundation/Http/Kernel.php(200): Illuminate\\Routing\\Router->dispatch(Object(Illuminate\\Http\\Request))
#45 /home/vol16_2/infinityfree.com/if0_42474986/htdocs/vendor/laravel/framework/src/Illuminate/Pipeline/Pipeline.php(180): Illuminate\\Foundation\\Http\\Kernel->Illuminate\\Foundation\\Http\\{closure}(Object(Illuminate\\Http\\Request))
#46 /home/vol16_2/infinityfree.com/if0_42474986/htdocs/vendor/laravel/framework/src/Illuminate/Foundation/Http/Middleware/TransformsRequest.php(21): Illuminate\\Pipeline\\Pipeline->Illuminate\\Pipeline\\{closure}(Object(Illuminate\\Http\\Request))
#47 /home/vol16_2/infinityfree.com/if0_42474986/htdocs/vendor/laravel/framework/src/Illuminate/Foundation/Http/Middleware/ConvertEmptyStringsToNull.php(31): Illuminate\\Foundation\\Http\\Middleware\\TransformsRequest->handle(Object(Illuminate\\Http\\Request), Object(Closure))
#48 /home/vol16_2/infinityfree.com/if0_42474986/htdocs/vendor/laravel/framework/src/Illuminate/Pipeline/Pipeline.php(219): Illuminate\\Foundation\\Http\\Middleware\\ConvertEmptyStringsToNull->handle(Object(Illuminate\\Http\\Request), Object(Closure))
#49 /home/vol16_2/infinityfree.com/if0_42474986/htdocs/vendor/laravel/framework/src/Illuminate/Foundation/Http/Middleware/TransformsRequest.php(21): Illuminate\\Pipeline\\Pipeline->Illuminate\\Pipeline\\{closure}(Object(Illuminate\\Http\\Request))
#50 /home/vol16_2/infinityfree.com/if0_42474986/htdocs/vendor/laravel/framework/src/Illuminate/Foundation/Http/Middleware/TrimStrings.php(51): Illuminate\\Foundation\\Http\\Middleware\\TransformsRequest->handle(Object(Illuminate\\Http\\Request), Object(Closure))
#51 /home/vol16_2/infinityfree.com/if0_42474986/htdocs/vendor/laravel/framework/src/Illuminate/Pipeline/Pipeline.php(219): Illuminate\\Foundation\\Http\\Middleware\\TrimStrings->handle(Object(Illuminate\\Http\\Request), Object(Closure))
#52 /home/vol16_2/infinityfree.com/if0_42474986/htdocs/vendor/laravel/framework/src/Illuminate/Http/Middleware/ValidatePostSize.php(27): Illuminate\\Pipeline\\Pipeline->Illuminate\\Pipeline\\{closure}(Object(Illuminate\\Http\\Request))
#53 /home/vol16_2/infinityfree.com/if0_42474986/htdocs/vendor/laravel/framework/src/Illuminate/Pipeline/Pipeline.php(219): Illuminate\\Http\\Middleware\\ValidatePostSize->handle(Object(Illuminate\\Http\\Request), Object(Closure))
#54 /home/vol16_2/infinityfree.com/if0_42474986/htdocs/vendor/laravel/framework/src/Illuminate/Foundation/Http/Middleware/PreventRequestsDuringMaintenance.php(109): Illuminate\\Pipeline\\Pipeline->Illuminate\\Pipeline\\{closure}(Object(Illuminate\\Http\\Request))
#55 /home/vol16_2/infinityfree.com/if0_42474986/htdocs/vendor/laravel/framework/src/Illuminate/Pipeline/Pipeline.php(219): Illuminate\\Foundation\\Http\\Middleware\\PreventRequestsDuringMaintenance->handle(Object(Illuminate\\Http\\Request), Object(Closure))
#56 /home/vol16_2/infinityfree.com/if0_42474986/htdocs/vendor/laravel/framework/src/Illuminate/Http/Middleware/HandleCors.php(61): Illuminate\\Pipeline\\Pipeline->Illuminate\\Pipeline\\{closure}(Object(Illuminate\\Http\\Request))
#57 /home/vol16_2/infinityfree.com/if0_42474986/htdocs/vendor/laravel/framework/src/Illuminate/Pipeline/Pipeline.php(219): Illuminate\\Http\\Middleware\\HandleCors->handle(Object(Illuminate\\Http\\Request), Object(Closure))
#58 /home/vol16_2/infinityfree.com/if0_42474986/htdocs/vendor/laravel/framework/src/Illuminate/Http/Middleware/TrustProxies.php(58): Illuminate\\Pipeline\\Pipeline->Illuminate\\Pipeline\\{closure}(Object(Illuminate\\Http\\Request))
#59 /home/vol16_2/infinityfree.com/if0_42474986/htdocs/vendor/laravel/framework/src/Illuminate/Pipeline/Pipeline.php(219): Illuminate\\Http\\Middleware\\TrustProxies->handle(Object(Illuminate\\Http\\Request), Object(Closure))
#60 /home/vol16_2/infinityfree.com/if0_42474986/htdocs/vendor/laravel/framework/src/Illuminate/Foundation/Http/Middleware/InvokeDeferredCallbacks.php(22): Illuminate\\Pipeline\\Pipeline->Illuminate\\Pipeline\\{closure}(Object(Illuminate\\Http\\Request))
#61 /home/vol16_2/infinityfree.com/if0_42474986/htdocs/vendor/laravel/framework/src/Illuminate/Pipeline/Pipeline.php(219): Illuminate\\Foundation\\Http\\Middleware\\InvokeDeferredCallbacks->handle(Object(Illuminate\\Http\\Request), Object(Closure))
#62 /home/vol16_2/infinityfree.com/if0_42474986/htdocs/vendor/laravel/framework/src/Illuminate/Http/Middleware/ValidatePathEncoding.php(26): Illuminate\\Pipeline\\Pipeline->Illuminate\\Pipeline\\{closure}(Object(Illuminate\\Http\\Request))
#63 /home/vol16_2/infinityfree.com/if0_42474986/htdocs/vendor/laravel/framework/src/Illuminate/Pipeline/Pipeline.php(219): Illuminate\\Http\\Middleware\\ValidatePathEncoding->handle(Object(Illuminate\\Http\\Request), Object(Closure))
#64 /home/vol16_2/infinityfree.com/if0_42474986/htdocs/vendor/laravel/framework/src/Illuminate/Pipeline/Pipeline.php(137): Illuminate\\Pipeline\\Pipeline->Illuminate\\Pipeline\\{closure}(Object(Illuminate\\Http\\Request))
#65 /home/vol16_2/infinityfree.com/if0_42474986/htdocs/vendor/laravel/framework/src/Illuminate/Foundation/Http/Kernel.php(175): Illuminate\\Pipeline\\Pipeline->then(Object(Closure))
#66 /home/vol16_2/infinityfree.com/if0_42474986/htdocs/vendor/laravel/framework/src/Illuminate/Foundation/Http/Kernel.php(144): Illuminate\\Foundation\\Http\\Kernel->sendRequestThroughRouter(Object(Illuminate\\Http\\Request))
#67 /home/vol16_2/infinityfree.com/if0_42474986/htdocs/index.php(6): Illuminate\\Foundation\\Http\\Kernel->handle(Object(Illuminate\\Http\\Request))
#68 {main}
"} 
[2026-07-25 11:00:24] production.ERROR: SQLSTATE[HY000] [2002] Connection refused (Connection: mysql, Host: sql213.infinityfree.com, Port: 3306, Database: if0_42474986_mindcare, SQL: select * from `users` where `id` = 2 and `users`.`deleted_at` is null limit 1) {"exception":"[object] (Illuminate\\Database\\QueryException(code: 2002): SQLSTATE[HY000] [2002] Connection refused (Connection: mysql, Host: sql213.infinityfree.com, Port: 3306, Database: if0_42474986_mindcare, SQL: select * from `users` where `id` = 2 and `users`.`deleted_at` is null limit 1) at /home/vol16_2/infinityfree.com/if0_42474986/htdocs/vendor/laravel/framework/src/Illuminate/Database/Connection.php:838)
[stacktrace]
#0 /home/vol16_2/infinityfree.com/if0_42474986/htdocs/vendor/laravel/framework/src/Illuminate/Database/Connection.php(999): Illuminate\\Database\\Connection->runQueryCallback('select * from `...', Array, Object(Closure))
#1 /home/vol16_2/infinityfree.com/if0_42474986/htdocs/vendor/laravel/framework/src/Illuminate/Database/Connection.php(978): Illuminate\\Database\\Connection->tryAgainIfCausedByLostConnection(Object(Illuminate\\Database\\QueryException), 'select * from `...', Array, Object(Closure))
#2 /home/vol16_2/infinityfree.com/if0_42474986/htdocs/vendor/laravel/framework/src/Illuminate/Database/Connection.php(796): Illuminate\\Database\\Connection->handleQueryException(Object(Illuminate\\Database\\QueryException), 'select * from `...', Array, Object(Closure))
#3 /home/vol16_2/infinityfree.com/if0_42474986/htdocs/vendor/laravel/framework/src/Illuminate/Database/Connection.php(411): Illuminate\\Database\\Connection->run('select * from `...', Array, Object(Closure))
#4 /home/vol16_2/infinityfree.com/if0_42474986/htdocs/vendor/laravel/framework/src/Illuminate/Database/Query/Builder.php(3505): Illuminate\\Database\\Connection->select('select * from `...', Array, true)
#5 /home/vol16_2/infinityfree.com/if0_42474986/htdocs/vendor/laravel/framework/src/Illuminate/Database/Query/Builder.php(3490): Illuminate\\Database\\Query\\Builder->runSelect()
#6 /home/vol16_2/infinityfree.com/if0_42474986/htdocs/vendor/laravel/framework/src/Illuminate/Database/Query/Builder.php(4080): Illuminate\\Database\\Query\\Builder->Illuminate\\Database\\Query\\{closure}()
#7 /home/vol16_2/infinityfree.com/if0_42474986/htdocs/vendor/laravel/framework/src/Illuminate/Database/Query/Builder.php(3489): Illuminate\\Database\\Query\\Builder->onceWithColumns(Array, Object(Closure))
#8 /home/vol16_2/infinityfree.com/if0_42474986/htdocs/vendor/laravel/framework/src/Illuminate/Database/Eloquent/Builder.php(902): Illuminate\\Database\\Query\\Builder->get(Array)
#9 /home/vol16_2/infinityfree.com/if0_42474986/htdocs/vendor/laravel/framework/src/Illuminate/Database/Eloquent/Builder.php(884): Illuminate\\Database\\Eloquent\\Builder->getModels(Array)
#10 /home/vol16_2/infinityfree.com/if0_42474986/htdocs/vendor/laravel/framework/src/Illuminate/Database/Concerns/BuildsQueries.php(366): Illuminate\\Database\\Eloquent\\Builder->get(Array)
#11 /home/vol16_2/infinityfree.com/if0_42474986/htdocs/vendor/laravel/framework/src/Illuminate/Auth/EloquentUserProvider.php(58): Illuminate\\Database\\Eloquent\\Builder->first()
#12 /home/vol16_2/infinityfree.com/if0_42474986/htdocs/vendor/laravel/framework/src/Illuminate/Auth/SessionGuard.php(189): Illuminate\\Auth\\EloquentUserProvider->retrieveById(2)
#13 /home/vol16_2/infinityfree.com/if0_42474986/htdocs/vendor/laravel/framework/src/Illuminate/Auth/GuardHelpers.php(56): Illuminate\\Auth\\SessionGuard->user()
#14 /home/vol16_2/infinityfree.com/if0_42474986/htdocs/vendor/laravel/framework/src/Illuminate/Auth/Middleware/Authenticate.php(82): Illuminate\\Auth\\SessionGuard->check()
#15 /home/vol16_2/infinityfree.com/if0_42474986/htdocs/vendor/laravel/framework/src/Illuminate/Auth/Middleware/Authenticate.php(61): Illuminate\\Auth\\Middleware\\Authenticate->authenticate(Object(Illuminate\\Http\\Request), Array)
#16 /home/vol16_2/infinityfree.com/if0_42474986/htdocs/vendor/laravel/framework/src/Illuminate/Pipeline/Pipeline.php(219): Illuminate\\Auth\\Middleware\\Authenticate->handle(Object(Illuminate\\Http\\Request), Object(Closure))
#17 /home/vol16_2/infinityfree.com/if0_42474986/htdocs/vendor/laravel/framework/src/Illuminate/Foundation/Http/Middleware/VerifyCsrfToken.php(87): Illuminate\\Pipeline\\Pipeline->Illuminate\\Pipeline\\{closure}(Object(Illuminate\\Http\\Request))
#18 /home/vol16_2/infinityfree.com/if0_42474986/htdocs/vendor/laravel/framework/src/Illuminate/Pipeline/Pipeline.php(219): Illuminate\\Foundation\\Http\\Middleware\\VerifyCsrfToken->handle(Object(Illuminate\\Http\\Request), Object(Closure))
#19 /home/vol16_2/infinityfree.com/if0_42474986/htdocs/vendor/laravel/framework/src/Illuminate/View/Middleware/ShareErrorsFromSession.php(48): Illuminate\\Pipeline\\Pipeline->Illuminate\\Pipeline\\{closure}(Object(Illuminate\\Http\\Request))
#20 /home/vol16_2/infinityfree.com/if0_42474986/htdocs/vendor/laravel/framework/src/Illuminate/Pipeline/Pipeline.php(219): Illuminate\\View\\Middleware\\ShareErrorsFromSession->handle(Object(Illuminate\\Http\\Request), Object(Closure))
#21 /home/vol16_2/infinityfree.com/if0_42474986/htdocs/vendor/laravel/framework/src/Illuminate/Session/Middleware/StartSession.php(120): Illuminate\\Pipeline\\Pipeline->Illuminate\\Pipeline\\{closure}(Object(Illuminate\\Http\\Request))
#22 /home/vol16_2/infinityfree.com/if0_42474986/htdocs/vendor/laravel/framework/src/Illuminate/Session/Middleware/StartSession.php(63): Illuminate\\Session\\Middleware\\StartSession->handleStatefulRequest(Object(Illuminate\\Http\\Request), Object(Illuminate\\Session\\Store), Object(Closure))
#23 /home/vol16_2/infinityfree.com/if0_42474986/htdocs/vendor/laravel/framework/src/Illuminate/Pipeline/Pipeline.php(219): Illuminate\\Session\\Middleware\\StartSession->handle(Object(Illuminate\\Http\\Request), Object(Closure))
#24 /home/vol16_2/infinityfree.com/if0_42474986/htdocs/vendor/laravel/framework/src/Illuminate/Cookie/Middleware/AddQueuedCookiesToResponse.php(36): Illuminate\\Pipeline\\Pipeline->Illuminate\\Pipeline\\{closure}(Object(Illuminate\\Http\\Request))
#25 /home/vol16_2/infinityfree.com/if0_42474986/htdocs/vendor/laravel/framework/src/Illuminate/Pipeline/Pipeline.php(219): Illuminate\\Cookie\\Middleware\\AddQueuedCookiesToResponse->handle(Object(Illuminate\\Http\\Request), Object(Closure))
#26 /home/vol16_2/infinityfree.com/if0_42474986/htdocs/vendor/laravel/framework/src/Illuminate/Cookie/Middleware/EncryptCookies.php(74): Illuminate\\Pipeline\\Pipeline->Illuminate\\Pipeline\\{closure}(Object(Illuminate\\Http\\Request))
#27 /home/vol16_2/infinityfree.com/if0_42474986/htdocs/vendor/laravel/framework/src/Illuminate/Pipeline/Pipeline.php(219): Illuminate\\Cookie\\Middleware\\EncryptCookies->handle(Object(Illuminate\\Http\\Request), Object(Closure))
#28 /home/vol16_2/infinityfree.com/if0_42474986/htdocs/vendor/laravel/framework/src/Illuminate/Pipeline/Pipeline.php(137): Illuminate\\Pipeline\\Pipeline->Illuminate\\Pipeline\\{closure}(Object(Illuminate\\Http\\Request))
#29 /home/vol16_2/infinityfree.com/if0_42474986/htdocs/vendor/laravel/framework/src/Illuminate/Routing/Router.php(821): Illuminate\\Pipeline\\Pipeline->then(Object(Closure))
#30 /home/vol16_2/infinityfree.com/if0_42474986/htdocs/vendor/laravel/framework/src/Illuminate/Routing/Router.php(800): Illuminate\\Routing\\Router->runRouteWithinStack(Object(Illuminate\\Routing\\Route), Object(Illuminate\\Http\\Request))
#31 /home/vol16_2/infinityfree.com/if0_42474986/htdocs/vendor/laravel/framework/src/Illuminate/Routing/Router.php(764): Illuminate\\Routing\\Router->runRoute(Object(Illuminate\\Http\\Request), Object(Illuminate\\Routing\\Route))
#32 /home/vol16_2/infinityfree.com/if0_42474986/htdocs/vendor/laravel/framework/src/Illuminate/Routing/Router.php(753): Illuminate\\Routing\\Router->dispatchToRoute(Object(Illuminate\\Http\\Request))
#33 /home/vol16_2/infinityfree.com/if0_42474986/htdocs/vendor/laravel/framework/src/Illuminate/Foundation/Http/Kernel.php(200): Illuminate\\Routing\\Router->dispatch(Object(Illuminate\\Http\\Request))
#34 /home/vol16_2/infinityfree.com/if0_42474986/htdocs/vendor/laravel/framework/src/Illuminate/Pipeline/Pipeline.php(180): Illuminate\\Foundation\\Http\\Kernel->Illuminate\\Foundation\\Http\\{closure}(Object(Illuminate\\Http\\Request))
#35 /home/vol16_2/infinityfree.com/if0_42474986/htdocs/vendor/laravel/framework/src/Illuminate/Foundation/Http/Middleware/TransformsRequest.php(21): Illuminate\\Pipeline\\Pipeline->Illuminate\\Pipeline\\{closure}(Object(Illuminate\\Http\\Request))
#36 /home/vol16_2/infinityfree.com/if0_42474986/htdocs/vendor/laravel/framework/src/Illuminate/Foundation/Http/Middleware/ConvertEmptyStringsToNull.php(31): Illuminate\\Foundation\\Http\\Middleware\\TransformsRequest->handle(Object(Illuminate\\Http\\Request), Object(Closure))
#37 /home/vol16_2/infinityfree.com/if0_42474986/htdocs/vendor/laravel/framework/src/Illuminate/Pipeline/Pipeline.php(219): Illuminate\\Foundation\\Http\\Middleware\\ConvertEmptyStringsToNull->handle(Object(Illuminate\\Http\\Request), Object(Closure))
#38 /home/vol16_2/infinityfree.com/if0_42474986/htdocs/vendor/laravel/framework/src/Illuminate/Foundation/Http/Middleware/TransformsRequest.php(21): Illuminate\\Pipeline\\Pipeline->Illuminate\\Pipeline\\{closure}(Object(Illuminate\\Http\\Request))
#39 /home/vol16_2/infinityfree.com/if0_42474986/htdocs/vendor/laravel/framework/src/Illuminate/Foundation/Http/Middleware/TrimStrings.php(51): Illuminate\\Foundation\\Http\\Middleware\\TransformsRequest->handle(Object(Illuminate\\Http\\Request), Object(Closure))
#40 /home/vol16_2/infinityfree.com/if0_42474986/htdocs/vendor/laravel/framework/src/Illuminate/Pipeline/Pipeline.php(219): Illuminate\\Foundation\\Http\\Middleware\\TrimStrings->handle(Object(Illuminate\\Http\\Request), Object(Closure))
#41 /home/vol16_2/infinityfree.com/if0_42474986/htdocs/vendor/laravel/framework/src/Illuminate/Http/Middleware/ValidatePostSize.php(27): Illuminate\\Pipeline\\Pipeline->Illuminate\\Pipeline\\{closure}(Object(Illuminate\\Http\\Request))
#42 /home/vol16_2/infinityfree.com/if0_42474986/htdocs/vendor/laravel/framework/src/Illuminate/Pipeline/Pipeline.php(219): Illuminate\\Http\\Middleware\\ValidatePostSize->handle(Object(Illuminate\\Http\\Request), Object(Closure))
#43 /home/vol16_2/infinityfree.com/if0_42474986/htdocs/vendor/laravel/framework/src/Illuminate/Foundation/Http/Middleware/PreventRequestsDuringMaintenance.php(109): Illuminate\\Pipeline\\Pipeline->Illuminate\\Pipeline\\{closure}(Object(Illuminate\\Http\\Request))
#44 /home/vol16_2/infinityfree.com/if0_42474986/htdocs/vendor/laravel/framework/src/Illuminate/Pipeline/Pipeline.php(219): Illuminate\\Foundation\\Http\\Middleware\\PreventRequestsDuringMaintenance->handle(Object(Illuminate\\Http\\Request), Object(Closure))
#45 /home/vol16_2/infinityfree.com/if0_42474986/htdocs/vendor/laravel/framework/src/Illuminate/Http/Middleware/HandleCors.php(61): Illuminate\\Pipeline\\Pipeline->Illuminate\\Pipeline\\{closure}(Object(Illuminate\\Http\\Request))
#46 /home/vol16_2/infinityfree.com/if0_42474986/htdocs/vendor/laravel/framework/src/Illuminate/Pipeline/Pipeline.php(219): Illuminate\\Http\\Middleware\\HandleCors->handle(Object(Illuminate\\Http\\Request), Object(Closure))
#47 /home/vol16_2/infinityfree.com/if0_42474986/htdocs/vendor/laravel/framework/src/Illuminate/Http/Middleware/TrustProxies.php(58): Illuminate\\Pipeline\\Pipeline->Illuminate\\Pipeline\\{closure}(Object(Illuminate\\Http\\Request))
#48 /home/vol16_2/infinityfree.com/if0_42474986/htdocs/vendor/laravel/framework/src/Illuminate/Pipeline/Pipeline.php(219): Illuminate\\Http\\Middleware\\TrustProxies->handle(Object(Illuminate\\Http\\Request), Object(Closure))
#49 /home/vol16_2/infinityfree.com/if0_42474986/htdocs/vendor/laravel/framework/src/Illuminate/Foundation/Http/Middleware/InvokeDeferredCallbacks.php(22): Illuminate\\Pipeline\\Pipeline->Illuminate\\Pipeline\\{closure}(Object(Illuminate\\Http\\Request))
#50 /home/vol16_2/infinityfree.com/if0_42474986/htdocs/vendor/laravel/framework/src/Illuminate/Pipeline/Pipeline.php(219): Illuminate\\Foundation\\Http\\Middleware\\InvokeDeferredCallbacks->handle(Object(Illuminate\\Http\\Request), Object(Closure))
#51 /home/vol16_2/infinityfree.com/if0_42474986/htdocs/vendor/laravel/framework/src/Illuminate/Http/Middleware/ValidatePathEncoding.php(26): Illuminate\\Pipeline\\Pipeline->Illuminate\\Pipeline\\{closure}(Object(Illuminate\\Http\\Request))
#52 /home/vol16_2/infinityfree.com/if0_42474986/htdocs/vendor/laravel/framework/src/Illuminate/Pipeline/Pipeline.php(219): Illuminate\\Http\\Middleware\\ValidatePathEncoding->handle(Object(Illuminate\\Http\\Request), Object(Closure))
#53 /home/vol16_2/infinityfree.com/if0_42474986/htdocs/vendor/laravel/framework/src/Illuminate/Pipeline/Pipeline.php(137): Illuminate\\Pipeline\\Pipeline->Illuminate\\Pipeline\\{closure}(Object(Illuminate\\Http\\Request))
#54 /home/vol16_2/infinityfree.com/if0_42474986/htdocs/vendor/laravel/framework/src/Illuminate/Foundation/Http/Kernel.php(175): Illuminate\\Pipeline\\Pipeline->then(Object(Closure))
#55 /home/vol16_2/infinityfree.com/if0_42474986/htdocs/vendor/laravel/framework/src/Illuminate/Foundation/Http/Kernel.php(144): Illuminate\\Foundation\\Http\\Kernel->sendRequestThroughRouter(Object(Illuminate\\Http\\Request))
#56 /home/vol16_2/infinityfree.com/if0_42474986/htdocs/index.php(6): Illuminate\\Foundation\\Http\\Kernel->handle(Object(Illuminate\\Http\\Request))
#57 {main}

[previous exception] [object] (PDOException(code: 2002): SQLSTATE[HY000] [2002] Connection refused at /home/vol16_2/infinityfree.com/if0_42474986/htdocs/vendor/laravel/framework/src/Illuminate/Database/Connectors/Connector.php:66)
[stacktrace]
#0 /home/vol16_2/infinityfree.com/if0_42474986/htdocs/vendor/laravel/framework/src/Illuminate/Database/Connectors/Connector.php(66): PDO->__construct('mysql:host=sql2...', 'if0_42474986', Object(SensitiveParameterValue), Array)
#1 /home/vol16_2/infinityfree.com/if0_42474986/htdocs/vendor/laravel/framework/src/Illuminate/Database/Connectors/Connector.php(85): Illuminate\\Database\\Connectors\\Connector->createPdoConnection('mysql:host=sql2...', 'if0_42474986', Object(SensitiveParameterValue), Array)
#2 /home/vol16_2/infinityfree.com/if0_42474986/htdocs/vendor/laravel/framework/src/Illuminate/Database/Connectors/Connector.php(48): Illuminate\\Database\\Connectors\\Connector->tryAgainIfCausedByLostConnection(Object(PDOException), 'mysql:host=sql2...', 'if0_42474986', Object(SensitiveParameterValue), Array)
#3 /home/vol16_2/infinityfree.com/if0_42474986/htdocs/vendor/laravel/framework/src/Illuminate/Database/Connectors/MySqlConnector.php(24): Illuminate\\Database\\Connectors\\Connector->createConnection('mysql:host=sql2...', Array, Array)
#4 /home/vol16_2/infinityfree.com/if0_42474986/htdocs/vendor/laravel/framework/src/Illuminate/Database/Connectors/ConnectionFactory.php(186): Illuminate\\Database\\Connectors\\MySqlConnector->connect(Array)
#5 [internal function]: Illuminate\\Database\\Connectors\\ConnectionFactory->Illuminate\\Database\\Connectors\\{closure}()
#6 /home/vol16_2/infinityfree.com/if0_42474986/htdocs/vendor/laravel/framework/src/Illuminate/Database/Connection.php(1257): call_user_func(Object(Closure))
#7 /home/vol16_2/infinityfree.com/if0_42474986/htdocs/vendor/laravel/framework/src/Illuminate/Database/Connection.php(1295): Illuminate\\Database\\Connection->getPdo()
#8 /home/vol16_2/infinityfree.com/if0_42474986/htdocs/vendor/laravel/framework/src/Illuminate/Database/Connection.php(525): Illuminate\\Database\\Connection->getReadPdo()
#9 /home/vol16_2/infinityfree.com/if0_42474986/htdocs/vendor/laravel/framework/src/Illuminate/Database/Connection.php(420): Illuminate\\Database\\Connection->getPdoForSelect(true)
#10 /home/vol16_2/infinityfree.com/if0_42474986/htdocs/vendor/laravel/framework/src/Illuminate/Database/Connection.php(827): Illuminate\\Database\\Connection->Illuminate\\Database\\{closure}('select * from `...', Array)
#11 /home/vol16_2/infinityfree.com/if0_42474986/htdocs/vendor/laravel/framework/src/Illuminate/Database/Connection.php(999): Illuminate\\Database\\Connection->runQueryCallback('select * from `...', Array, Object(Closure))
#12 /home/vol16_2/infinityfree.com/if0_42474986/htdocs/vendor/laravel/framework/src/Illuminate/Database/Connection.php(978): Illuminate\\Database\\Connection->tryAgainIfCausedByLostConnection(Object(Illuminate\\Database\\QueryException), 'select * from `...', Array, Object(Closure))
#13 /home/vol16_2/infinityfree.com/if0_42474986/htdocs/vendor/laravel/framework/src/Illuminate/Database/Connection.php(796): Illuminate\\Database\\Connection->handleQueryException(Object(Illuminate\\Database\\QueryException), 'select * from `...', Array, Object(Closure))
#14 /home/vol16_2/infinityfree.com/if0_42474986/htdocs/vendor/laravel/framework/src/Illuminate/Database/Connection.php(411): Illuminate\\Database\\Connection->run('select * from `...', Array, Object(Closure))
#15 /home/vol16_2/infinityfree.com/if0_42474986/htdocs/vendor/laravel/framework/src/Illuminate/Database/Query/Builder.php(3505): Illuminate\\Database\\Connection->select('select * from `...', Array, true)
#16 /home/vol16_2/infinityfree.com/if0_42474986/htdocs/vendor/laravel/framework/src/Illuminate/Database/Query/Builder.php(3490): Illuminate\\Database\\Query\\Builder->runSelect()
#17 /home/vol16_2/infinityfree.com/if0_42474986/htdocs/vendor/laravel/framework/src/Illuminate/Database/Query/Builder.php(4080): Illuminate\\Database\\Query\\Builder->Illuminate\\Database\\Query\\{closure}()
#18 /home/vol16_2/infinityfree.com/if0_42474986/htdocs/vendor/laravel/framework/src/Illuminate/Database/Query/Builder.php(3489): Illuminate\\Database\\Query\\Builder->onceWithColumns(Array, Object(Closure))
#19 /home/vol16_2/infinityfree.com/if0_42474986/htdocs/vendor/laravel/framework/src/Illuminate/Database/Eloquent/Builder.php(902): Illuminate\\Database\\Query\\Builder->get(Array)
#20 /home/vol16_2/infinityfree.com/if0_42474986/htdocs/vendor/laravel/framework/src/Illuminate/Database/Eloquent/Builder.php(884): Illuminate\\Database\\Eloquent\\Builder->getModels(Array)
#21 /home/vol16_2/infinityfree.com/if0_42474986/htdocs/vendor/laravel/framework/src/Illuminate/Database/Concerns/BuildsQueries.php(366): Illuminate\\Database\\Eloquent\\Builder->get(Array)
#22 /home/vol16_2/infinityfree.com/if0_42474986/htdocs/vendor/laravel/framework/src/Illuminate/Auth/EloquentUserProvider.php(58): Illuminate\\Database\\Eloquent\\Builder->first()
#23 /home/vol16_2/infinityfree.com/if0_42474986/htdocs/vendor/laravel/framework/src/Illuminate/Auth/SessionGuard.php(189): Illuminate\\Auth\\EloquentUserProvider->retrieveById(2)
#24 /home/vol16_2/infinityfree.com/if0_42474986/htdocs/vendor/laravel/framework/src/Illuminate/Auth/GuardHelpers.php(56): Illuminate\\Auth\\SessionGuard->user()
#25 /home/vol16_2/infinityfree.com/if0_42474986/htdocs/vendor/laravel/framework/src/Illuminate/Auth/Middleware/Authenticate.php(82): Illuminate\\Auth\\SessionGuard->check()
#26 /home/vol16_2/infinityfree.com/if0_42474986/htdocs/vendor/laravel/framework/src/Illuminate/Auth/Middleware/Authenticate.php(61): Illuminate\\Auth\\Middleware\\Authenticate->authenticate(Object(Illuminate\\Http\\Request), Array)
#27 /home/vol16_2/infinityfree.com/if0_42474986/htdocs/vendor/laravel/framework/src/Illuminate/Pipeline/Pipeline.php(219): Illuminate\\Auth\\Middleware\\Authenticate->handle(Object(Illuminate\\Http\\Request), Object(Closure))
#28 /home/vol16_2/infinityfree.com/if0_42474986/htdocs/vendor/laravel/framework/src/Illuminate/Foundation/Http/Middleware/VerifyCsrfToken.php(87): Illuminate\\Pipeline\\Pipeline->Illuminate\\Pipeline\\{closure}(Object(Illuminate\\Http\\Request))
#29 /home/vol16_2/infinityfree.com/if0_42474986/htdocs/vendor/laravel/framework/src/Illuminate/Pipeline/Pipeline.php(219): Illuminate\\Foundation\\Http\\Middleware\\VerifyCsrfToken->handle(Object(Illuminate\\Http\\Request), Object(Closure))
#30 /home/vol16_2/infinityfree.com/if0_42474986/htdocs/vendor/laravel/framework/src/Illuminate/View/Middleware/ShareErrorsFromSession.php(48): Illuminate\\Pipeline\\Pipeline->Illuminate\\Pipeline\\{closure}(Object(Illuminate\\Http\\Request))
#31 /home/vol16_2/infinityfree.com/if0_42474986/htdocs/vendor/laravel/framework/src/Illuminate/Pipeline/Pipeline.php(219): Illuminate\\View\\Middleware\\ShareErrorsFromSession->handle(Object(Illuminate\\Http\\Request), Object(Closure))
#32 /home/vol16_2/infinityfree.com/if0_42474986/htdocs/vendor/laravel/framework/src/Illuminate/Session/Middleware/StartSession.php(120): Illuminate\\Pipeline\\Pipeline->Illuminate\\Pipeline\\{closure}(Object(Illuminate\\Http\\Request))
#33 /home/vol16_2/infinityfree.com/if0_42474986/htdocs/vendor/laravel/framework/src/Illuminate/Session/Middleware/StartSession.php(63): Illuminate\\Session\\Middleware\\StartSession->handleStatefulRequest(Object(Illuminate\\Http\\Request), Object(Illuminate\\Session\\Store), Object(Closure))
#34 /home/vol16_2/infinityfree.com/if0_42474986/htdocs/vendor/laravel/framework/src/Illuminate/Pipeline/Pipeline.php(219): Illuminate\\Session\\Middleware\\StartSession->handle(Object(Illuminate\\Http\\Request), Object(Closure))
#35 /home/vol16_2/infinityfree.com/if0_42474986/htdocs/vendor/laravel/framework/src/Illuminate/Cookie/Middleware/AddQueuedCookiesToResponse.php(36): Illuminate\\Pipeline\\Pipeline->Illuminate\\Pipeline\\{closure}(Object(Illuminate\\Http\\Request))
#36 /home/vol16_2/infinityfree.com/if0_42474986/htdocs/vendor/laravel/framework/src/Illuminate/Pipeline/Pipeline.php(219): Illuminate\\Cookie\\Middleware\\AddQueuedCookiesToResponse->handle(Object(Illuminate\\Http\\Request), Object(Closure))
#37 /home/vol16_2/infinityfree.com/if0_42474986/htdocs/vendor/laravel/framework/src/Illuminate/Cookie/Middleware/EncryptCookies.php(74): Illuminate\\Pipeline\\Pipeline->Illuminate\\Pipeline\\{closure}(Object(Illuminate\\Http\\Request))
#38 /home/vol16_2/infinityfree.com/if0_42474986/htdocs/vendor/laravel/framework/src/Illuminate/Pipeline/Pipeline.php(219): Illuminate\\Cookie\\Middleware\\EncryptCookies->handle(Object(Illuminate\\Http\\Request), Object(Closure))
#39 /home/vol16_2/infinityfree.com/if0_42474986/htdocs/vendor/laravel/framework/src/Illuminate/Pipeline/Pipeline.php(137): Illuminate\\Pipeline\\Pipeline->Illuminate\\Pipeline\\{closure}(Object(Illuminate\\Http\\Request))
#40 /home/vol16_2/infinityfree.com/if0_42474986/htdocs/vendor/laravel/framework/src/Illuminate/Routing/Router.php(821): Illuminate\\Pipeline\\Pipeline->then(Object(Closure))
#41 /home/vol16_2/infinityfree.com/if0_42474986/htdocs/vendor/laravel/framework/src/Illuminate/Routing/Router.php(800): Illuminate\\Routing\\Router->runRouteWithinStack(Object(Illuminate\\Routing\\Route), Object(Illuminate\\Http\\Request))
#42 /home/vol16_2/infinityfree.com/if0_42474986/htdocs/vendor/laravel/framework/src/Illuminate/Routing/Router.php(764): Illuminate\\Routing\\Router->runRoute(Object(Illuminate\\Http\\Request), Object(Illuminate\\Routing\\Route))
#43 /home/vol16_2/infinityfree.com/if0_42474986/htdocs/vendor/laravel/framework/src/Illuminate/Routing/Router.php(753): Illuminate\\Routing\\Router->dispatchToRoute(Object(Illuminate\\Http\\Request))
#44 /home/vol16_2/infinityfree.com/if0_42474986/htdocs/vendor/laravel/framework/src/Illuminate/Foundation/Http/Kernel.php(200): Illuminate\\Routing\\Router->dispatch(Object(Illuminate\\Http\\Request))
#45 /home/vol16_2/infinityfree.com/if0_42474986/htdocs/vendor/laravel/framework/src/Illuminate/Pipeline/Pipeline.php(180): Illuminate\\Foundation\\Http\\Kernel->Illuminate\\Foundation\\Http\\{closure}(Object(Illuminate\\Http\\Request))
#46 /home/vol16_2/infinityfree.com/if0_42474986/htdocs/vendor/laravel/framework/src/Illuminate/Foundation/Http/Middleware/TransformsRequest.php(21): Illuminate\\Pipeline\\Pipeline->Illuminate\\Pipeline\\{closure}(Object(Illuminate\\Http\\Request))
#47 /home/vol16_2/infinityfree.com/if0_42474986/htdocs/vendor/laravel/framework/src/Illuminate/Foundation/Http/Middleware/ConvertEmptyStringsToNull.php(31): Illuminate\\Foundation\\Http\\Middleware\\TransformsRequest->handle(Object(Illuminate\\Http\\Request), Object(Closure))
#48 /home/vol16_2/infinityfree.com/if0_42474986/htdocs/vendor/laravel/framework/src/Illuminate/Pipeline/Pipeline.php(219): Illuminate\\Foundation\\Http\\Middleware\\ConvertEmptyStringsToNull->handle(Object(Illuminate\\Http\\Request), Object(Closure))
#49 /home/vol16_2/infinityfree.com/if0_42474986/htdocs/vendor/laravel/framework/src/Illuminate/Foundation/Http/Middleware/TransformsRequest.php(21): Illuminate\\Pipeline\\Pipeline->Illuminate\\Pipeline\\{closure}(Object(Illuminate\\Http\\Request))
#50 /home/vol16_2/infinityfree.com/if0_42474986/htdocs/vendor/laravel/framework/src/Illuminate/Foundation/Http/Middleware/TrimStrings.php(51): Illuminate\\Foundation\\Http\\Middleware\\TransformsRequest->handle(Object(Illuminate\\Http\\Request), Object(Closure))
#51 /home/vol16_2/infinityfree.com/if0_42474986/htdocs/vendor/laravel/framework/src/Illuminate/Pipeline/Pipeline.php(219): Illuminate\\Foundation\\Http\\Middleware\\TrimStrings->handle(Object(Illuminate\\Http\\Request), Object(Closure))
#52 /home/vol16_2/infinityfree.com/if0_42474986/htdocs/vendor/laravel/framework/src/Illuminate/Http/Middleware/ValidatePostSize.php(27): Illuminate\\Pipeline\\Pipeline->Illuminate\\Pipeline\\{closure}(Object(Illuminate\\Http\\Request))
#53 /home/vol16_2/infinityfree.com/if0_42474986/htdocs/vendor/laravel/framework/src/Illuminate/Pipeline/Pipeline.php(219): Illuminate\\Http\\Middleware\\ValidatePostSize->handle(Object(Illuminate\\Http\\Request), Object(Closure))
#54 /home/vol16_2/infinityfree.com/if0_42474986/htdocs/vendor/laravel/framework/src/Illuminate/Foundation/Http/Middleware/PreventRequestsDuringMaintenance.php(109): Illuminate\\Pipeline\\Pipeline->Illuminate\\Pipeline\\{closure}(Object(Illuminate\\Http\\Request))
#55 /home/vol16_2/infinityfree.com/if0_42474986/htdocs/vendor/laravel/framework/src/Illuminate/Pipeline/Pipeline.php(219): Illuminate\\Foundation\\Http\\Middleware\\PreventRequestsDuringMaintenance->handle(Object(Illuminate\\Http\\Request), Object(Closure))
#56 /home/vol16_2/infinityfree.com/if0_42474986/htdocs/vendor/laravel/framework/src/Illuminate/Http/Middleware/HandleCors.php(61): Illuminate\\Pipeline\\Pipeline->Illuminate\\Pipeline\\{closure}(Object(Illuminate\\Http\\Request))
#57 /home/vol16_2/infinityfree.com/if0_42474986/htdocs/vendor/laravel/framework/src/Illuminate/Pipeline/Pipeline.php(219): Illuminate\\Http\\Middleware\\HandleCors->handle(Object(Illuminate\\Http\\Request), Object(Closure))
#58 /home/vol16_2/infinityfree.com/if0_42474986/htdocs/vendor/laravel/framework/src/Illuminate/Http/Middleware/TrustProxies.php(58): Illuminate\\Pipeline\\Pipeline->Illuminate\\Pipeline\\{closure}(Object(Illuminate\\Http\\Request))
#59 /home/vol16_2/infinityfree.com/if0_42474986/htdocs/vendor/laravel/framework/src/Illuminate/Pipeline/Pipeline.php(219): Illuminate\\Http\\Middleware\\TrustProxies->handle(Object(Illuminate\\Http\\Request), Object(Closure))
#60 /home/vol16_2/infinityfree.com/if0_42474986/htdocs/vendor/laravel/framework/src/Illuminate/Foundation/Http/Middleware/InvokeDeferredCallbacks.php(22): Illuminate\\Pipeline\\Pipeline->Illuminate\\Pipeline\\{closure}(Object(Illuminate\\Http\\Request))
#61 /home/vol16_2/infinityfree.com/if0_42474986/htdocs/vendor/laravel/framework/src/Illuminate/Pipeline/Pipeline.php(219): Illuminate\\Foundation\\Http\\Middleware\\InvokeDeferredCallbacks->handle(Object(Illuminate\\Http\\Request), Object(Closure))
#62 /home/vol16_2/infinityfree.com/if0_42474986/htdocs/vendor/laravel/framework/src/Illuminate/Http/Middleware/ValidatePathEncoding.php(26): Illuminate\\Pipeline\\Pipeline->Illuminate\\Pipeline\\{closure}(Object(Illuminate\\Http\\Request))
#63 /home/vol16_2/infinityfree.com/if0_42474986/htdocs/vendor/laravel/framework/src/Illuminate/Pipeline/Pipeline.php(219): Illuminate\\Http\\Middleware\\ValidatePathEncoding->handle(Object(Illuminate\\Http\\Request), Object(Closure))
#64 /home/vol16_2/infinityfree.com/if0_42474986/htdocs/vendor/laravel/framework/src/Illuminate/Pipeline/Pipeline.php(137): Illuminate\\Pipeline\\Pipeline->Illuminate\\Pipeline\\{closure}(Object(Illuminate\\Http\\Request))
#65 /home/vol16_2/infinityfree.com/if0_42474986/htdocs/vendor/laravel/framework/src/Illuminate/Foundation/Http/Kernel.php(175): Illuminate\\Pipeline\\Pipeline->then(Object(Closure))
#66 /home/vol16_2/infinityfree.com/if0_42474986/htdocs/vendor/laravel/framework/src/Illuminate/Foundation/Http/Kernel.php(144): Illuminate\\Foundation\\Http\\Kernel->sendRequestThroughRouter(Object(Illuminate\\Http\\Request))
#67 /home/vol16_2/infinityfree.com/if0_42474986/htdocs/index.php(6): Illuminate\\Foundation\\Http\\Kernel->handle(Object(Illuminate\\Http\\Request))
#68 {main}
"} 
[2026-07-25 11:00:25] production.ERROR: SQLSTATE[HY000] [2002] Connection refused (Connection: mysql, Host: sql213.infinityfree.com, Port: 3306, Database: if0_42474986_mindcare, SQL: select * from `users` where `id` = 14 and `users`.`deleted_at` is null limit 1) {"exception":"[object] (Illuminate\\Database\\QueryException(code: 2002): SQLSTATE[HY000] [2002] Connection refused (Connection: mysql, Host: sql213.infinityfree.com, Port: 3306, Database: if0_42474986_mindcare, SQL: select * from `users` where `id` = 14 and `users`.`deleted_at` is null limit 1) at /home/vol16_2/infinityfree.com/if0_42474986/htdocs/vendor/laravel/framework/src/Illuminate/Database/Connection.php:838)
[stacktrace]
#0 /home/vol16_2/infinityfree.com/if0_42474986/htdocs/vendor/laravel/framework/src/Illuminate/Database/Connection.php(999): Illuminate\\Database\\Connection->runQueryCallback('select * from `...', Array, Object(Closure))
#1 /home/vol16_2/infinityfree.com/if0_42474986/htdocs/vendor/laravel/framework/src/Illuminate/Database/Connection.php(978): Illuminate\\Database\\Connection->tryAgainIfCausedByLostConnection(Object(Illuminate\\Database\\QueryException), 'select * from `...', Array, Object(Closure))
#2 /home/vol16_2/infinityfree.com/if0_42474986/htdocs/vendor/laravel/framework/src/Illuminate/Database/Connection.php(796): Illuminate\\Database\\Connection->handleQueryException(Object(Illuminate\\Database\\QueryException), 'select * from `...', Array, Object(Closure))
#3 /home/vol16_2/infinityfree.com/if0_42474986/htdocs/vendor/laravel/framework/src/Illuminate/Database/Connection.php(411): Illuminate\\Database\\Connection->run('select * from `...', Array, Object(Closure))
#4 /home/vol16_2/infinityfree.com/if0_42474986/htdocs/vendor/laravel/framework/src/Illuminate/Database/Query/Builder.php(3505): Illuminate\\Database\\Connection->select('select * from `...', Array, true)
#5 /home/vol16_2/infinityfree.com/if0_42474986/htdocs/vendor/laravel/framework/src/Illuminate/Database/Query/Builder.php(3490): Illuminate\\Database\\Query\\Builder->runSelect()
#6 /home/vol16_2/infinityfree.com/if0_42474986/htdocs/vendor/laravel/framework/src/Illuminate/Database/Query/Builder.php(4080): Illuminate\\Database\\Query\\Builder->Illuminate\\Database\\Query\\{closure}()
#7 /home/vol16_2/infinityfree.com/if0_42474986/htdocs/vendor/laravel/framework/src/Illuminate/Database/Query/Builder.php(3489): Illuminate\\Database\\Query\\Builder->onceWithColumns(Array, Object(Closure))
#8 /home/vol16_2/infinityfree.com/if0_42474986/htdocs/vendor/laravel/framework/src/Illuminate/Database/Eloquent/Builder.php(902): Illuminate\\Database\\Query\\Builder->get(Array)
#9 /home/vol16_2/infinityfree.com/if0_42474986/htdocs/vendor/laravel/framework/src/Illuminate/Database/Eloquent/Builder.php(884): Illuminate\\Database\\Eloquent\\Builder->getModels(Array)
#10 /home/vol16_2/infinityfree.com/if0_42474986/htdocs/vendor/laravel/framework/src/Illuminate/Database/Concerns/BuildsQueries.php(366): Illuminate\\Database\\Eloquent\\Builder->get(Array)
#11 /home/vol16_2/infinityfree.com/if0_42474986/htdocs/vendor/laravel/framework/src/Illuminate/Auth/EloquentUserProvider.php(58): Illuminate\\Database\\Eloquent\\Builder->first()
#12 /home/vol16_2/infinityfree.com/if0_42474986/htdocs/vendor/laravel/framework/src/Illuminate/Auth/SessionGuard.php(189): Illuminate\\Auth\\EloquentUserProvider->retrieveById(14)
#13 /home/vol16_2/infinityfree.com/if0_42474986/htdocs/vendor/laravel/framework/src/Illuminate/Auth/GuardHelpers.php(56): Illuminate\\Auth\\SessionGuard->user()
#14 /home/vol16_2/infinityfree.com/if0_42474986/htdocs/vendor/laravel/framework/src/Illuminate/Auth/Middleware/Authenticate.php(82): Illuminate\\Auth\\SessionGuard->check()
#15 /home/vol16_2/infinityfree.com/if0_42474986/htdocs/vendor/laravel/framework/src/Illuminate/Auth/Middleware/Authenticate.php(61): Illuminate\\Auth\\Middleware\\Authenticate->authenticate(Object(Illuminate\\Http\\Request), Array)
#16 /home/vol16_2/infinityfree.com/if0_42474986/htdocs/vendor/laravel/framework/src/Illuminate/Pipeline/Pipeline.php(219): Illuminate\\Auth\\Middleware\\Authenticate->handle(Object(Illuminate\\Http\\Request), Object(Closure))
#17 /home/vol16_2/infinityfree.com/if0_42474986/htdocs/vendor/laravel/framework/src/Illuminate/Foundation/Http/Middleware/VerifyCsrfToken.php(87): Illuminate\\Pipeline\\Pipeline->Illuminate\\Pipeline\\{closure}(Object(Illuminate\\Http\\Request))
#18 /home/vol16_2/infinityfree.com/if0_42474986/htdocs/vendor/laravel/framework/src/Illuminate/Pipeline/Pipeline.php(219): Illuminate\\Foundation\\Http\\Middleware\\VerifyCsrfToken->handle(Object(Illuminate\\Http\\Request), Object(Closure))
#19 /home/vol16_2/infinityfree.com/if0_42474986/htdocs/vendor/laravel/framework/src/Illuminate/View/Middleware/ShareErrorsFromSession.php(48): Illuminate\\Pipeline\\Pipeline->Illuminate\\Pipeline\\{closure}(Object(Illuminate\\Http\\Request))
#20 /home/vol16_2/infinityfree.com/if0_42474986/htdocs/vendor/laravel/framework/src/Illuminate/Pipeline/Pipeline.php(219): Illuminate\\View\\Middleware\\ShareErrorsFromSession->handle(Object(Illuminate\\Http\\Request), Object(Closure))
#21 /home/vol16_2/infinityfree.com/if0_42474986/htdocs/vendor/laravel/framework/src/Illuminate/Session/Middleware/StartSession.php(120): Illuminate\\Pipeline\\Pipeline->Illuminate\\Pipeline\\{closure}(Object(Illuminate\\Http\\Request))
#22 /home/vol16_2/infinityfree.com/if0_42474986/htdocs/vendor/laravel/framework/src/Illuminate/Session/Middleware/StartSession.php(63): Illuminate\\Session\\Middleware\\StartSession->handleStatefulRequest(Object(Illuminate\\Http\\Request), Object(Illuminate\\Session\\Store), Object(Closure))
#23 /home/vol16_2/infinityfree.com/if0_42474986/htdocs/vendor/laravel/framework/src/Illuminate/Pipeline/Pipeline.php(219): Illuminate\\Session\\Middleware\\StartSession->handle(Object(Illuminate\\Http\\Request), Object(Closure))
#24 /home/vol16_2/infinityfree.com/if0_42474986/htdocs/vendor/laravel/framework/src/Illuminate/Cookie/Middleware/AddQueuedCookiesToResponse.php(36): Illuminate\\Pipeline\\Pipeline->Illuminate\\Pipeline\\{closure}(Object(Illuminate\\Http\\Request))
#25 /home/vol16_2/infinityfree.com/if0_42474986/htdocs/vendor/laravel/framework/src/Illuminate/Pipeline/Pipeline.php(219): Illuminate\\Cookie\\Middleware\\AddQueuedCookiesToResponse->handle(Object(Illuminate\\Http\\Request), Object(Closure))
#26 /home/vol16_2/infinityfree.com/if0_42474986/htdocs/vendor/laravel/framework/src/Illuminate/Cookie/Middleware/EncryptCookies.php(74): Illuminate\\Pipeline\\Pipeline->Illuminate\\Pipeline\\{closure}(Object(Illuminate\\Http\\Request))
#27 /home/vol16_2/infinityfree.com/if0_42474986/htdocs/vendor/laravel/framework/src/Illuminate/Pipeline/Pipeline.php(219): Illuminate\\Cookie\\Middleware\\EncryptCookies->handle(Object(Illuminate\\Http\\Request), Object(Closure))
#28 /home/vol16_2/infinityfree.com/if0_42474986/htdocs/vendor/laravel/framework/src/Illuminate/Pipeline/Pipeline.php(137): Illuminate\\Pipeline\\Pipeline->Illuminate\\Pipeline\\{closure}(Object(Illuminate\\Http\\Request))
#29 /home/vol16_2/infinityfree.com/if0_42474986/htdocs/vendor/laravel/framework/src/Illuminate/Routing/Router.php(821): Illuminate\\Pipeline\\Pipeline->then(Object(Closure))
#30 /home/vol16_2/infinityfree.com/if0_42474986/htdocs/vendor/laravel/framework/src/Illuminate/Routing/Router.php(800): Illuminate\\Routing\\Router->runRouteWithinStack(Object(Illuminate\\Routing\\Route), Object(Illuminate\\Http\\Request))
#31 /home/vol16_2/infinityfree.com/if0_42474986/htdocs/vendor/laravel/framework/src/Illuminate/Routing/Router.php(764): Illuminate\\Routing\\Router->runRoute(Object(Illuminate\\Http\\Request), Object(Illuminate\\Routing\\Route))
#32 /home/vol16_2/infinityfree.com/if0_42474986/htdocs/vendor/laravel/framework/src/Illuminate/Routing/Router.php(753): Illuminate\\Routing\\Router->dispatchToRoute(Object(Illuminate\\Http\\Request))
#33 /home/vol16_2/infinityfree.com/if0_42474986/htdocs/vendor/laravel/framework/src/Illuminate/Foundation/Http/Kernel.php(200): Illuminate\\Routing\\Router->dispatch(Object(Illuminate\\Http\\Request))
#34 /home/vol16_2/infinityfree.com/if0_42474986/htdocs/vendor/laravel/framework/src/Illuminate/Pipeline/Pipeline.php(180): Illuminate\\Foundation\\Http\\Kernel->Illuminate\\Foundation\\Http\\{closure}(Object(Illuminate\\Http\\Request))
#35 /home/vol16_2/infinityfree.com/if0_42474986/htdocs/vendor/laravel/framework/src/Illuminate/Foundation/Http/Middleware/TransformsRequest.php(21): Illuminate\\Pipeline\\Pipeline->Illuminate\\Pipeline\\{closure}(Object(Illuminate\\Http\\Request))
#36 /home/vol16_2/infinityfree.com/if0_42474986/htdocs/vendor/laravel/framework/src/Illuminate/Foundation/Http/Middleware/ConvertEmptyStringsToNull.php(31): Illuminate\\Foundation\\Http\\Middleware\\TransformsRequest->handle(Object(Illuminate\\Http\\Request), Object(Closure))
#37 /home/vol16_2/infinityfree.com/if0_42474986/htdocs/vendor/laravel/framework/src/Illuminate/Pipeline/Pipeline.php(219): Illuminate\\Foundation\\Http\\Middleware\\ConvertEmptyStringsToNull->handle(Object(Illuminate\\Http\\Request), Object(Closure))
#38 /home/vol16_2/infinityfree.com/if0_42474986/htdocs/vendor/laravel/framework/src/Illuminate/Foundation/Http/Middleware/TransformsRequest.php(21): Illuminate\\Pipeline\\Pipeline->Illuminate\\Pipeline\\{closure}(Object(Illuminate\\Http\\Request))
#39 /home/vol16_2/infinityfree.com/if0_42474986/htdocs/vendor/laravel/framework/src/Illuminate/Foundation/Http/Middleware/TrimStrings.php(51): Illuminate\\Foundation\\Http\\Middleware\\TransformsRequest->handle(Object(Illuminate\\Http\\Request), Object(Closure))
#40 /home/vol16_2/infinityfree.com/if0_42474986/htdocs/vendor/laravel/framework/src/Illuminate/Pipeline/Pipeline.php(219): Illuminate\\Foundation\\Http\\Middleware\\TrimStrings->handle(Object(Illuminate\\Http\\Request), Object(Closure))
#41 /home/vol16_2/infinityfree.com/if0_42474986/htdocs/vendor/laravel/framework/src/Illuminate/Http/Middleware/ValidatePostSize.php(27): Illuminate\\Pipeline\\Pipeline->Illuminate\\Pipeline\\{closure}(Object(Illuminate\\Http\\Request))
#42 /home/vol16_2/infinityfree.com/if0_42474986/htdocs/vendor/laravel/framework/src/Illuminate/Pipeline/Pipeline.php(219): Illuminate\\Http\\Middleware\\ValidatePostSize->handle(Object(Illuminate\\Http\\Request), Object(Closure))
#43 /home/vol16_2/infinityfree.com/if0_42474986/htdocs/vendor/laravel/framework/src/Illuminate/Foundation/Http/Middleware/PreventRequestsDuringMaintenance.php(109): Illuminate\\Pipeline\\Pipeline->Illuminate\\Pipeline\\{closure}(Object(Illuminate\\Http\\Request))
#44 /home/vol16_2/infinityfree.com/if0_42474986/htdocs/vendor/laravel/framework/src/Illuminate/Pipeline/Pipeline.php(219): Illuminate\\Foundation\\Http\\Middleware\\PreventRequestsDuringMaintenance->handle(Object(Illuminate\\Http\\Request), Object(Closure))
#45 /home/vol16_2/infinityfree.com/if0_42474986/htdocs/vendor/laravel/framework/src/Illuminate/Http/Middleware/HandleCors.php(61): Illuminate\\Pipeline\\Pipeline->Illuminate\\Pipeline\\{closure}(Object(Illuminate\\Http\\Request))
#46 /home/vol16_2/infinityfree.com/if0_42474986/htdocs/vendor/laravel/framework/src/Illuminate/Pipeline/Pipeline.php(219): Illuminate\\Http\\Middleware\\HandleCors->handle(Object(Illuminate\\Http\\Request), Object(Closure))
#47 /home/vol16_2/infinityfree.com/if0_42474986/htdocs/vendor/laravel/framework/src/Illuminate/Http/Middleware/TrustProxies.php(58): Illuminate\\Pipeline\\Pipeline->Illuminate\\Pipeline\\{closure}(Object(Illuminate\\Http\\Request))
#48 /home/vol16_2/infinityfree.com/if0_42474986/htdocs/vendor/laravel/framework/src/Illuminate/Pipeline/Pipeline.php(219): Illuminate\\Http\\Middleware\\TrustProxies->handle(Object(Illuminate\\Http\\Request), Object(Closure))
#49 /home/vol16_2/infinityfree.com/if0_42474986/htdocs/vendor/laravel/framework/src/Illuminate/Foundation/Http/Middleware/InvokeDeferredCallbacks.php(22): Illuminate\\Pipeline\\Pipeline->Illuminate\\Pipeline\\{closure}(Object(Illuminate\\Http\\Request))
#50 /home/vol16_2/infinityfree.com/if0_42474986/htdocs/vendor/laravel/framework/src/Illuminate/Pipeline/Pipeline.php(219): Illuminate\\Foundation\\Http\\Middleware\\InvokeDeferredCallbacks->handle(Object(Illuminate\\Http\\Request), Object(Closure))
#51 /home/vol16_2/infinityfree.com/if0_42474986/htdocs/vendor/laravel/framework/src/Illuminate/Http/Middleware/ValidatePathEncoding.php(26): Illuminate\\Pipeline\\Pipeline->Illuminate\\Pipeline\\{closure}(Object(Illuminate\\Http\\Request))
#52 /home/vol16_2/infinityfree.com/if0_42474986/htdocs/vendor/laravel/framework/src/Illuminate/Pipeline/Pipeline.php(219): Illuminate\\Http\\Middleware\\ValidatePathEncoding->handle(Object(Illuminate\\Http\\Request), Object(Closure))
#53 /home/vol16_2/infinityfree.com/if0_42474986/htdocs/vendor/laravel/framework/src/Illuminate/Pipeline/Pipeline.php(137): Illuminate\\Pipeline\\Pipeline->Illuminate\\Pipeline\\{closure}(Object(Illuminate\\Http\\Request))
#54 /home/vol16_2/infinityfree.com/if0_42474986/htdocs/vendor/laravel/framework/src/Illuminate/Foundation/Http/Kernel.php(175): Illuminate\\Pipeline\\Pipeline->then(Object(Closure))
#55 /home/vol16_2/infinityfree.com/if0_42474986/htdocs/vendor/laravel/framework/src/Illuminate/Foundation/Http/Kernel.php(144): Illuminate\\Foundation\\Http\\Kernel->sendRequestThroughRouter(Object(Illuminate\\Http\\Request))
#56 /home/vol16_2/infinityfree.com/if0_42474986/htdocs/index.php(6): Illuminate\\Foundation\\Http\\Kernel->handle(Object(Illuminate\\Http\\Request))
#57 {main}

[previous exception] [object] (PDOException(code: 2002): SQLSTATE[HY000] [2002] Connection refused at /home/vol16_2/infinityfree.com/if0_42474986/htdocs/vendor/laravel/framework/src/Illuminate/Database/Connectors/Connector.php:66)
[stacktrace]
#0 /home/vol16_2/infinityfree.com/if0_42474986/htdocs/vendor/laravel/framework/src/Illuminate/Database/Connectors/Connector.php(66): PDO->__construct('mysql:host=sql2...', 'if0_42474986', Object(SensitiveParameterValue), Array)
#1 /home/vol16_2/infinityfree.com/if0_42474986/htdocs/vendor/laravel/framework/src/Illuminate/Database/Connectors/Connector.php(85): Illuminate\\Database\\Connectors\\Connector->createPdoConnection('mysql:host=sql2...', 'if0_42474986', Object(SensitiveParameterValue), Array)
#2 /home/vol16_2/infinityfree.com/if0_42474986/htdocs/vendor/laravel/framework/src/Illuminate/Database/Connectors/Connector.php(48): Illuminate\\Database\\Connectors\\Connector->tryAgainIfCausedByLostConnection(Object(PDOException), 'mysql:host=sql2...', 'if0_42474986', Object(SensitiveParameterValue), Array)
#3 /home/vol16_2/infinityfree.com/if0_42474986/htdocs/vendor/laravel/framework/src/Illuminate/Database/Connectors/MySqlConnector.php(24): Illuminate\\Database\\Connectors\\Connector->createConnection('mysql:host=sql2...', Array, Array)
#4 /home/vol16_2/infinityfree.com/if0_42474986/htdocs/vendor/laravel/framework/src/Illuminate/Database/Connectors/ConnectionFactory.php(186): Illuminate\\Database\\Connectors\\MySqlConnector->connect(Array)
#5 [internal function]: Illuminate\\Database\\Connectors\\ConnectionFactory->Illuminate\\Database\\Connectors\\{closure}()
#6 /home/vol16_2/infinityfree.com/if0_42474986/htdocs/vendor/laravel/framework/src/Illuminate/Database/Connection.php(1257): call_user_func(Object(Closure))
#7 /home/vol16_2/infinityfree.com/if0_42474986/htdocs/vendor/laravel/framework/src/Illuminate/Database/Connection.php(1295): Illuminate\\Database\\Connection->getPdo()
#8 /home/vol16_2/infinityfree.com/if0_42474986/htdocs/vendor/laravel/framework/src/Illuminate/Database/Connection.php(525): Illuminate\\Database\\Connection->getReadPdo()
#9 /home/vol16_2/infinityfree.com/if0_42474986/htdocs/vendor/laravel/framework/src/Illuminate/Database/Connection.php(420): Illuminate\\Database\\Connection->getPdoForSelect(true)
#10 /home/vol16_2/infinityfree.com/if0_42474986/htdocs/vendor/laravel/framework/src/Illuminate/Database/Connection.php(827): Illuminate\\Database\\Connection->Illuminate\\Database\\{closure}('select * from `...', Array)
#11 /home/vol16_2/infinityfree.com/if0_42474986/htdocs/vendor/laravel/framework/src/Illuminate/Database/Connection.php(999): Illuminate\\Database\\Connection->runQueryCallback('select * from `...', Array, Object(Closure))
#12 /home/vol16_2/infinityfree.com/if0_42474986/htdocs/vendor/laravel/framework/src/Illuminate/Database/Connection.php(978): Illuminate\\Database\\Connection->tryAgainIfCausedByLostConnection(Object(Illuminate\\Database\\QueryException), 'select * from `...', Array, Object(Closure))
#13 /home/vol16_2/infinityfree.com/if0_42474986/htdocs/vendor/laravel/framework/src/Illuminate/Database/Connection.php(796): Illuminate\\Database\\Connection->handleQueryException(Object(Illuminate\\Database\\QueryException), 'select * from `...', Array, Object(Closure))
#14 /home/vol16_2/infinityfree.com/if0_42474986/htdocs/vendor/laravel/framework/src/Illuminate/Database/Connection.php(411): Illuminate\\Database\\Connection->run('select * from `...', Array, Object(Closure))
#15 /home/vol16_2/infinityfree.com/if0_42474986/htdocs/vendor/laravel/framework/src/Illuminate/Database/Query/Builder.php(3505): Illuminate\\Database\\Connection->select('select * from `...', Array, true)
#16 /home/vol16_2/infinityfree.com/if0_42474986/htdocs/vendor/laravel/framework/src/Illuminate/Database/Query/Builder.php(3490): Illuminate\\Database\\Query\\Builder->runSelect()
#17 /home/vol16_2/infinityfree.com/if0_42474986/htdocs/vendor/laravel/framework/src/Illuminate/Database/Query/Builder.php(4080): Illuminate\\Database\\Query\\Builder->Illuminate\\Database\\Query\\{closure}()
#18 /home/vol16_2/infinityfree.com/if0_42474986/htdocs/vendor/laravel/framework/src/Illuminate/Database/Query/Builder.php(3489): Illuminate\\Database\\Query\\Builder->onceWithColumns(Array, Object(Closure))
#19 /home/vol16_2/infinityfree.com/if0_42474986/htdocs/vendor/laravel/framework/src/Illuminate/Database/Eloquent/Builder.php(902): Illuminate\\Database\\Query\\Builder->get(Array)
#20 /home/vol16_2/infinityfree.com/if0_42474986/htdocs/vendor/laravel/framework/src/Illuminate/Database/Eloquent/Builder.php(884): Illuminate\\Database\\Eloquent\\Builder->getModels(Array)
#21 /home/vol16_2/infinityfree.com/if0_42474986/htdocs/vendor/laravel/framework/src/Illuminate/Database/Concerns/BuildsQueries.php(366): Illuminate\\Database\\Eloquent\\Builder->get(Array)
#22 /home/vol16_2/infinityfree.com/if0_42474986/htdocs/vendor/laravel/framework/src/Illuminate/Auth/EloquentUserProvider.php(58): Illuminate\\Database\\Eloquent\\Builder->first()
#23 /home/vol16_2/infinityfree.com/if0_42474986/htdocs/vendor/laravel/framework/src/Illuminate/Auth/SessionGuard.php(189): Illuminate\\Auth\\EloquentUserProvider->retrieveById(14)
#24 /home/vol16_2/infinityfree.com/if0_42474986/htdocs/vendor/laravel/framework/src/Illuminate/Auth/GuardHelpers.php(56): Illuminate\\Auth\\SessionGuard->user()
#25 /home/vol16_2/infinityfree.com/if0_42474986/htdocs/vendor/laravel/framework/src/Illuminate/Auth/Middleware/Authenticate.php(82): Illuminate\\Auth\\SessionGuard->check()
#26 /home/vol16_2/infinityfree.com/if0_42474986/htdocs/vendor/laravel/framework/src/Illuminate/Auth/Middleware/Authenticate.php(61): Illuminate\\Auth\\Middleware\\Authenticate->authenticate(Object(Illuminate\\Http\\Request), Array)
#27 /home/vol16_2/infinityfree.com/if0_42474986/htdocs/vendor/laravel/framework/src/Illuminate/Pipeline/Pipeline.php(219): Illuminate\\Auth\\Middleware\\Authenticate->handle(Object(Illuminate\\Http\\Request), Object(Closure))
#28 /home/vol16_2/infinityfree.com/if0_42474986/htdocs/vendor/laravel/framework/src/Illuminate/Foundation/Http/Middleware/VerifyCsrfToken.php(87): Illuminate\\Pipeline\\Pipeline->Illuminate\\Pipeline\\{closure}(Object(Illuminate\\Http\\Request))
#29 /home/vol16_2/infinityfree.com/if0_42474986/htdocs/vendor/laravel/framework/src/Illuminate/Pipeline/Pipeline.php(219): Illuminate\\Foundation\\Http\\Middleware\\VerifyCsrfToken->handle(Object(Illuminate\\Http\\Request), Object(Closure))
#30 /home/vol16_2/infinityfree.com/if0_42474986/htdocs/vendor/laravel/framework/src/Illuminate/View/Middleware/ShareErrorsFromSession.php(48): Illuminate\\Pipeline\\Pipeline->Illuminate\\Pipeline\\{closure}(Object(Illuminate\\Http\\Request))
#31 /home/vol16_2/infinityfree.com/if0_42474986/htdocs/vendor/laravel/framework/src/Illuminate/Pipeline/Pipeline.php(219): Illuminate\\View\\Middleware\\ShareErrorsFromSession->handle(Object(Illuminate\\Http\\Request), Object(Closure))
#32 /home/vol16_2/infinityfree.com/if0_42474986/htdocs/vendor/laravel/framework/src/Illuminate/Session/Middleware/StartSession.php(120): Illuminate\\Pipeline\\Pipeline->Illuminate\\Pipeline\\{closure}(Object(Illuminate\\Http\\Request))
#33 /home/vol16_2/infinityfree.com/if0_42474986/htdocs/vendor/laravel/framework/src/Illuminate/Session/Middleware/StartSession.php(63): Illuminate\\Session\\Middleware\\StartSession->handleStatefulRequest(Object(Illuminate\\Http\\Request), Object(Illuminate\\Session\\Store), Object(Closure))
#34 /home/vol16_2/infinityfree.com/if0_42474986/htdocs/vendor/laravel/framework/src/Illuminate/Pipeline/Pipeline.php(219): Illuminate\\Session\\Middleware\\StartSession->handle(Object(Illuminate\\Http\\Request), Object(Closure))
#35 /home/vol16_2/infinityfree.com/if0_42474986/htdocs/vendor/laravel/framework/src/Illuminate/Cookie/Middleware/AddQueuedCookiesToResponse.php(36): Illuminate\\Pipeline\\Pipeline->Illuminate\\Pipeline\\{closure}(Object(Illuminate\\Http\\Request))
#36 /home/vol16_2/infinityfree.com/if0_42474986/htdocs/vendor/laravel/framework/src/Illuminate/Pipeline/Pipeline.php(219): Illuminate\\Cookie\\Middleware\\AddQueuedCookiesToResponse->handle(Object(Illuminate\\Http\\Request), Object(Closure))
#37 /home/vol16_2/infinityfree.com/if0_42474986/htdocs/vendor/laravel/framework/src/Illuminate/Cookie/Middleware/EncryptCookies.php(74): Illuminate\\Pipeline\\Pipeline->Illuminate\\Pipeline\\{closure}(Object(Illuminate\\Http\\Request))
#38 /home/vol16_2/infinityfree.com/if0_42474986/htdocs/vendor/laravel/framework/src/Illuminate/Pipeline/Pipeline.php(219): Illuminate\\Cookie\\Middleware\\EncryptCookies->handle(Object(Illuminate\\Http\\Request), Object(Closure))
#39 /home/vol16_2/infinityfree.com/if0_42474986/htdocs/vendor/laravel/framework/src/Illuminate/Pipeline/Pipeline.php(137): Illuminate\\Pipeline\\Pipeline->Illuminate\\Pipeline\\{closure}(Object(Illuminate\\Http\\Request))
#40 /home/vol16_2/infinityfree.com/if0_42474986/htdocs/vendor/laravel/framework/src/Illuminate/Routing/Router.php(821): Illuminate\\Pipeline\\Pipeline->then(Object(Closure))
#41 /home/vol16_2/infinityfree.com/if0_42474986/htdocs/vendor/laravel/framework/src/Illuminate/Routing/Router.php(800): Illuminate\\Routing\\Router->runRouteWithinStack(Object(Illuminate\\Routing\\Route), Object(Illuminate\\Http\\Request))
#42 /home/vol16_2/infinityfree.com/if0_42474986/htdocs/vendor/laravel/framework/src/Illuminate/Routing/Router.php(764): Illuminate\\Routing\\Router->runRoute(Object(Illuminate\\Http\\Request), Object(Illuminate\\Routing\\Route))
#43 /home/vol16_2/infinityfree.com/if0_42474986/htdocs/vendor/laravel/framework/src/Illuminate/Routing/Router.php(753): Illuminate\\Routing\\Router->dispatchToRoute(Object(Illuminate\\Http\\Request))
#44 /home/vol16_2/infinityfree.com/if0_42474986/htdocs/vendor/laravel/framework/src/Illuminate/Foundation/Http/Kernel.php(200): Illuminate\\Routing\\Router->dispatch(Object(Illuminate\\Http\\Request))
#45 /home/vol16_2/infinityfree.com/if0_42474986/htdocs/vendor/laravel/framework/src/Illuminate/Pipeline/Pipeline.php(180): Illuminate\\Foundation\\Http\\Kernel->Illuminate\\Foundation\\Http\\{closure}(Object(Illuminate\\Http\\Request))
#46 /home/vol16_2/infinityfree.com/if0_42474986/htdocs/vendor/laravel/framework/src/Illuminate/Foundation/Http/Middleware/TransformsRequest.php(21): Illuminate\\Pipeline\\Pipeline->Illuminate\\Pipeline\\{closure}(Object(Illuminate\\Http\\Request))
#47 /home/vol16_2/infinityfree.com/if0_42474986/htdocs/vendor/laravel/framework/src/Illuminate/Foundation/Http/Middleware/ConvertEmptyStringsToNull.php(31): Illuminate\\Foundation\\Http\\Middleware\\TransformsRequest->handle(Object(Illuminate\\Http\\Request), Object(Closure))
#48 /home/vol16_2/infinityfree.com/if0_42474986/htdocs/vendor/laravel/framework/src/Illuminate/Pipeline/Pipeline.php(219): Illuminate\\Foundation\\Http\\Middleware\\ConvertEmptyStringsToNull->handle(Object(Illuminate\\Http\\Request), Object(Closure))
#49 /home/vol16_2/infinityfree.com/if0_42474986/htdocs/vendor/laravel/framework/src/Illuminate/Foundation/Http/Middleware/TransformsRequest.php(21): Illuminate\\Pipeline\\Pipeline->Illuminate\\Pipeline\\{closure}(Object(Illuminate\\Http\\Request))
#50 /home/vol16_2/infinityfree.com/if0_42474986/htdocs/vendor/laravel/framework/src/Illuminate/Foundation/Http/Middleware/TrimStrings.php(51): Illuminate\\Foundation\\Http\\Middleware\\TransformsRequest->handle(Object(Illuminate\\Http\\Request), Object(Closure))
#51 /home/vol16_2/infinityfree.com/if0_42474986/htdocs/vendor/laravel/framework/src/Illuminate/Pipeline/Pipeline.php(219): Illuminate\\Foundation\\Http\\Middleware\\TrimStrings->handle(Object(Illuminate\\Http\\Request), Object(Closure))
#52 /home/vol16_2/infinityfree.com/if0_42474986/htdocs/vendor/laravel/framework/src/Illuminate/Http/Middleware/ValidatePostSize.php(27): Illuminate\\Pipeline\\Pipeline->Illuminate\\Pipeline\\{closure}(Object(Illuminate\\Http\\Request))
#53 /home/vol16_2/infinityfree.com/if0_42474986/htdocs/vendor/laravel/framework/src/Illuminate/Pipeline/Pipeline.php(219): Illuminate\\Http\\Middleware\\ValidatePostSize->handle(Object(Illuminate\\Http\\Request), Object(Closure))
#54 /home/vol16_2/infinityfree.com/if0_42474986/htdocs/vendor/laravel/framework/src/Illuminate/Foundation/Http/Middleware/PreventRequestsDuringMaintenance.php(109): Illuminate\\Pipeline\\Pipeline->Illuminate\\Pipeline\\{closure}(Object(Illuminate\\Http\\Request))
#55 /home/vol16_2/infinityfree.com/if0_42474986/htdocs/vendor/laravel/framework/src/Illuminate/Pipeline/Pipeline.php(219): Illuminate\\Foundation\\Http\\Middleware\\PreventRequestsDuringMaintenance->handle(Object(Illuminate\\Http\\Request), Object(Closure))
#56 /home/vol16_2/infinityfree.com/if0_42474986/htdocs/vendor/laravel/framework/src/Illuminate/Http/Middleware/HandleCors.php(61): Illuminate\\Pipeline\\Pipeline->Illuminate\\Pipeline\\{closure}(Object(Illuminate\\Http\\Request))
#57 /home/vol16_2/infinityfree.com/if0_42474986/htdocs/vendor/laravel/framework/src/Illuminate/Pipeline/Pipeline.php(219): Illuminate\\Http\\Middleware\\HandleCors->handle(Object(Illuminate\\Http\\Request), Object(Closure))
#58 /home/vol16_2/infinityfree.com/if0_42474986/htdocs/vendor/laravel/framework/src/Illuminate/Http/Middleware/TrustProxies.php(58): Illuminate\\Pipeline\\Pipeline->Illuminate\\Pipeline\\{closure}(Object(Illuminate\\Http\\Request))
#59 /home/vol16_2/infinityfree.com/if0_42474986/htdocs/vendor/laravel/framework/src/Illuminate/Pipeline/Pipeline.php(219): Illuminate\\Http\\Middleware\\TrustProxies->handle(Object(Illuminate\\Http\\Request), Object(Closure))
#60 /home/vol16_2/infinityfree.com/if0_42474986/htdocs/vendor/laravel/framework/src/Illuminate/Foundation/Http/Middleware/InvokeDeferredCallbacks.php(22): Illuminate\\Pipeline\\Pipeline->Illuminate\\Pipeline\\{closure}(Object(Illuminate\\Http\\Request))
#61 /home/vol16_2/infinityfree.com/if0_42474986/htdocs/vendor/laravel/framework/src/Illuminate/Pipeline/Pipeline.php(219): Illuminate\\Foundation\\Http\\Middleware\\InvokeDeferredCallbacks->handle(Object(Illuminate\\Http\\Request), Object(Closure))
#62 /home/vol16_2/infinityfree.com/if0_42474986/htdocs/vendor/laravel/framework/src/Illuminate/Http/Middleware/ValidatePathEncoding.php(26): Illuminate\\Pipeline\\Pipeline->Illuminate\\Pipeline\\{closure}(Object(Illuminate\\Http\\Request))
#63 /home/vol16_2/infinityfree.com/if0_42474986/htdocs/vendor/laravel/framework/src/Illuminate/Pipeline/Pipeline.php(219): Illuminate\\Http\\Middleware\\ValidatePathEncoding->handle(Object(Illuminate\\Http\\Request), Object(Closure))
#64 /home/vol16_2/infinityfree.com/if0_42474986/htdocs/vendor/laravel/framework/src/Illuminate/Pipeline/Pipeline.php(137): Illuminate\\Pipeline\\Pipeline->Illuminate\\Pipeline\\{closure}(Object(Illuminate\\Http\\Request))
#65 /home/vol16_2/infinityfree.com/if0_42474986/htdocs/vendor/laravel/framework/src/Illuminate/Foundation/Http/Kernel.php(175): Illuminate\\Pipeline\\Pipeline->then(Object(Closure))
#66 /home/vol16_2/infinityfree.com/if0_42474986/htdocs/vendor/laravel/framework/src/Illuminate/Foundation/Http/Kernel.php(144): Illuminate\\Foundation\\Http\\Kernel->sendRequestThroughRouter(Object(Illuminate\\Http\\Request))
#67 /home/vol16_2/infinityfree.com/if0_42474986/htdocs/index.php(6): Illuminate\\Foundation\\Http\\Kernel->handle(Object(Illuminate\\Http\\Request))
#68 {main}
"} 
